label,platform,platform_domain,brand,real_domain,form_action,form_action_type,has_domain_mismatch,hidden_fields_count,filename,content_hash,file_size_bytes
1,vercel_app,vercel.app,Facebook,facebook.com,https://identity-check.vercel.app/auth,same_platform_origin,True,3,vercel_app_facebook_0000.html,59be714ed5d77c2eedae223d91f27faf4f4074a950ef6005c28dd8568b722512,12220
1,vercel_app,vercel.app,LinkedIn,linkedin.com,https://account-confirm.vercel.app/identity/verify,same_platform_origin,True,4,vercel_app_linkedin_0001.html,93cb946197a3a7586946f36fa0656d1e4e21f5024f0853d606d8f1671c0e30d1,11598
1,github_io,github.io,Twitter,twitter.com,https://auth-portal.github.io/verify,same_platform_origin,True,2,github_io_twitter_0002.html,7256ce86f10b623e6ddbded391850b9d663ffaaa08e16057915f3c2bdc42c8fb,11019
1,pages_dev,pages.dev,Amazon,amazon.com,https://identity-check.pages.dev/account/signin,same_platform_origin,True,3,pages_dev_amazon_0003.html,845fbce0085b713964444279d46d3ce6158951ae25870ddb5df767a0ddc64c0b,547742
1,firebase_app,firebaseapp.com,Twitter,twitter.com,https://login-portal.firebaseapp.com/verify,same_platform_origin,True,2,firebase_app_twitter_0004.html,8a9ff2ddd2884ef0d86a1b88690a281259807386c8d027c2618f610cf1afdb40,11021
1,netlify_app,netlify.app,LinkedIn,linkedin.com,https://identity-check.netlify.app/identity/verify,same_platform_origin,True,2,netlify_app_linkedin_0005.html,061d2fd76a67be830c1529d00fd99776cdf1f0286fe4aed07c461c9ca7190526,11477
1,firebase_app,firebaseapp.com,LinkedIn,linkedin.com,https://account-confirm.firebaseapp.com/oauth/authorize,same_platform_origin,True,4,firebase_app_linkedin_0006.html,6108c79f554aad9fa3c9b417633eab34c3cec4859bc5c4bbe6c44a87e185c2bd,11640
1,github_io,github.io,LinkedIn,linkedin.com,https://account-confirm.github.io/signin,same_platform_origin,True,1,github_io_linkedin_0007.html,0aa3b7271ef69d5ae8b30911d14d38fd0c75d716c95d83d11ca85e9fbb8ad3a9,11382
1,github_io,github.io,Twitter,twitter.com,https://security-check.github.io/signin,same_platform_origin,True,4,github_io_twitter_0008.html,0a28953c23a94cc72ffbb158b1d595f64f6b3c74cc48e0494f2189a2201aed62,11142
1,pages_dev,pages.dev,Facebook,facebook.com,https://login-portal.pages.dev/auth,same_platform_origin,True,2,pages_dev_facebook_0009.html,c39c6aa63baa5c9ac927e68b433750f0ecc0671fead7b03975fd9db8aae67c03,12161
1,netlify_app,netlify.app,LinkedIn,linkedin.com,https://auth-portal.netlify.app/oauth/authorize,same_platform_origin,True,1,netlify_app_linkedin_0010.html,3bf543f2bbd6f664071128d2cf7822dd535a54444a63a5c0871d782507b29619,11414
1,firebase_app,firebaseapp.com,Twitter,twitter.com,https://sso-portal.firebaseapp.com/account/signin,same_platform_origin,True,3,firebase_app_twitter_0011.html,2bbcaf8702ac193c95f718b28b1ff66ad6d86232769ddce1de67a0c88a67bf00,11095
1,netlify_app,netlify.app,Facebook,facebook.com,https://security-check.netlify.app/signin,same_platform_origin,True,1,netlify_app_facebook_0012.html,e257ddf7f0abfc3bae35d178a47bf53b0f2ae8c29e3a66c05796309ffd7ba296,12103
1,netlify_app,netlify.app,LinkedIn,linkedin.com,https://auth-portal.netlify.app/session/new,same_platform_origin,True,2,netlify_app_linkedin_0013.html,8bea2b69a840e9194f60f752f385dda6dbdee80bca4359573ca28060853506f6,11488
1,firebase_app,firebaseapp.com,Twitter,twitter.com,https://secure-login.firebaseapp.com/identity/verify,same_platform_origin,True,3,firebase_app_twitter_0014.html,03d2f462793a558628a89312ff6a1ff117a5b8ec7214a06bbb7491125d76e236,11116
1,pages_dev,pages.dev,Amazon,amazon.com,https://security-check.pages.dev/auth,same_platform_origin,True,1,pages_dev_amazon_0015.html,0b7623ff00448054fe624b7248739bfb1c5175d8d70fe413aa134bbf79b7f1a9,547580
1,netlify_app,netlify.app,Amazon,amazon.com,https://account-verify.netlify.app/account/signin,same_platform_origin,True,1,netlify_app_amazon_0016.html,c33ba5e4383a4fd4167112c746fdcd834fea9227566cbecad9cfbec848b8dea1,547592
1,github_io,github.io,Facebook,facebook.com,https://auth-portal.github.io/login,same_platform_origin,True,1,github_io_facebook_0017.html,ff21fa07b4f0c4aebe9462dd0bbfff62e89c6e950001f49ec67166d499720b00,12082
1,vercel_app,vercel.app,Facebook,facebook.com,https://auth-verify.vercel.app/verify,same_platform_origin,True,3,vercel_app_facebook_0018.html,158672a990ac55757b2f7e6e5889b02ade5791ed33576b9767f40b4f6a2b64aa,12235
1,firebase_app,firebaseapp.com,Amazon,amazon.com,https://account-verify.firebaseapp.com/login,same_platform_origin,True,3,firebase_app_amazon_0019.html,c0a7fd20615d5ef5ee150fe405026e87bfc8b8b486f1f1c90b6841ed9e8960ca,547700
1,pages_dev,pages.dev,LinkedIn,linkedin.com,https://account-confirm.pages.dev/verify,same_platform_origin,True,1,pages_dev_linkedin_0020.html,bca460222d922b4981e528d65e095e6170c51a49f7a310f525ef3b2e4325ae0d,11382
1,netlify_app,netlify.app,Facebook,facebook.com,https://secure-auth.netlify.app/sso/login,same_platform_origin,True,1,netlify_app_facebook_0021.html,54785e7ba983379efebf4b302468c17e86360b3ed1e41379e62bc16381fd90c8,12090
1,vercel_app,vercel.app,Twitter,twitter.com,https://identity-check.vercel.app/verify,same_platform_origin,True,2,vercel_app_twitter_0022.html,8ec719931b1d20295bcd4c43f8ad9a971a844dd2f13182fe391dea970d70d26e,11004
1,github_io,github.io,Amazon,amazon.com,https://login-portal.github.io/identity/verify,same_platform_origin,True,2,github_io_amazon_0023.html,48a133b710c7665a42363a736de3db3c3dffdc689418687139013bd75a0cfdcb,547665
1,netlify_app,netlify.app,LinkedIn,linkedin.com,https://auth-portal.netlify.app/session/new,same_platform_origin,True,4,netlify_app_linkedin_0024.html,82882fd1fe6044e1012013c5e27bab9697c908f94301faebcd318abca5e789cf,11621
1,netlify_app,netlify.app,LinkedIn,linkedin.com,https://sso-portal.netlify.app/verify,same_platform_origin,True,2,netlify_app_linkedin_0025.html,6ccdb1bfb61f3d12730129b7e87aa8795343075d91ac4f318c24bf070a1e7846,11435
1,netlify_app,netlify.app,LinkedIn,linkedin.com,https://auth-portal.netlify.app/verify,same_platform_origin,True,3,netlify_app_linkedin_0026.html,726748a15eefa511006bc4523673e03d8bc2a9a1530525cf8928e6cb76e53c39,11521
1,netlify_app,netlify.app,Facebook,facebook.com,https://security-check.netlify.app/login,same_platform_origin,True,3,netlify_app_facebook_0027.html,ea69b20a6c560e1ad512acfcff75f327bdb5e0b3bd286de1334a0dfc4b7e9cfd,12242
1,firebase_app,firebaseapp.com,Amazon,amazon.com,https://account-confirm.firebaseapp.com/auth,same_platform_origin,True,1,firebase_app_amazon_0028.html,59a674e616aa6bbd26b03b5c9e3b80e075e1ee219d45eebdb37cb56f913d37fe,547593
1,netlify_app,netlify.app,Amazon,amazon.com,https://auth-portal.netlify.app/session/new,same_platform_origin,True,1,netlify_app_amazon_0029.html,e20a3ee2bb28e2f5f238bcd563dce7795aff54e66abf8fade1bc9148b2a4e704,547585
1,vercel_app,vercel.app,Twitter,twitter.com,https://sso-portal.vercel.app/sso/login,same_platform_origin,True,4,vercel_app_twitter_0030.html,b245b480f7bf9095cc8e04a24c5186638015b3a3d0078af1a4a4c238a585b48f,11140
1,firebase_app,firebaseapp.com,Twitter,twitter.com,https://identity-check.firebaseapp.com/auth,same_platform_origin,True,4,firebase_app_twitter_0031.html,6a53061ed43d7d406ddf06232cc635311c9fa0956601a8583a9c3c735b30d5fc,11131
1,netlify_app,netlify.app,Facebook,facebook.com,https://login-verify.netlify.app/verify,same_platform_origin,True,2,netlify_app_facebook_0032.html,7762e43a95a9d74a9c78d54300f5fd490e8cde2c2a76bdf0697813786b7ae0b9,12170
1,netlify_app,netlify.app,Amazon,amazon.com,https://secure-login.netlify.app/oauth/authorize,same_platform_origin,True,1,netlify_app_amazon_0033.html,7dd4ee341003cb404ea0a7a391ad368c88b6e71916341e20167b5debb64ac349,547590
1,pages_dev,pages.dev,Facebook,facebook.com,https://identity-check.pages.dev/auth,same_platform_origin,True,1,pages_dev_facebook_0034.html,52047a5dd508fc2f96b511ee7e13c40aea56a60be15cc4dd36410bf8b7cc78c6,12086
1,vercel_app,vercel.app,LinkedIn,linkedin.com,https://secure-login.vercel.app/identity/verify,same_platform_origin,True,1,vercel_app_linkedin_0035.html,9fc625c56541cadac6bbdf1a2d0aa97ff148af77df4ca3de432eee8b01388251,11397
1,github_io,github.io,Facebook,facebook.com,https://verify-account.github.io/sso/login,same_platform_origin,True,3,github_io_facebook_0036.html,1ed804a25adf3f0ec7593b9f5f39a26740a886d42639fef035676eb6d23e7a89,12236
1,github_io,github.io,Amazon,amazon.com,https://auth-portal.github.io/login,same_platform_origin,True,4,github_io_amazon_0037.html,9e3adad2fb9bf36b172c1f1122b93b2e2d906920c52a2d119d62e32ca022c48a,547789
1,github_io,github.io,Facebook,facebook.com,https://security-check.github.io/verify,same_platform_origin,True,2,github_io_facebook_0038.html,ae6d8c7407f8450ec079972b331b94b16d9e82454f593be3ac0f0e07a22ad050,12164
1,pages_dev,pages.dev,Facebook,facebook.com,https://login-portal.pages.dev/sso/login,same_platform_origin,True,4,pages_dev_facebook_0039.html,f402af4a041d8797edc9b8669dc2e1ea410d31622a7fc99c8ba29581d081e4fc,12293
1,netlify_app,netlify.app,Facebook,facebook.com,https://secure-login.netlify.app/identity/verify,same_platform_origin,True,3,netlify_app_facebook_0040.html,a38b6dfb97a1e05b52171b8ba8bf7309bd6dafc212fe0e4a98387c274f7a4212,12231
1,vercel_app,vercel.app,Amazon,amazon.com,https://secure-login.vercel.app/account/signin,same_platform_origin,True,3,vercel_app_amazon_0041.html,c21a18424e0b803878748149e42e4c317f2a8dd71554a26ac3316fccf7bbe982,547731
1,github_io,github.io,Twitter,twitter.com,https://login-portal.github.io/sso/login,same_platform_origin,True,3,github_io_twitter_0042.html,23eb404e03ebd84559a81c13f8d110b316c0dc55bff118f9c1ff5f6ce5b509ee,11102
1,github_io,github.io,Amazon,amazon.com,https://auth-portal.github.io/oauth/authorize,same_platform_origin,True,3,github_io_amazon_0043.html,3a3de545169db9db981d7fe79e2629d2c080646f948cd1b0648f3a411ed094be,547753
1,pages_dev,pages.dev,Facebook,facebook.com,https://secure-auth.pages.dev/auth,same_platform_origin,True,2,pages_dev_facebook_0044.html,82798e5873a145b20951b337a1ef40541ac16860fe93cef1ed314c6eb3d25b4d,12152
1,github_io,github.io,Amazon,amazon.com,https://secure-auth.github.io/session/new,same_platform_origin,True,4,github_io_amazon_0045.html,d564b703aef782c92254a375a65a428feb4a2e1c5cc3b8824c653964ac7993ef,547780
1,vercel_app,vercel.app,Amazon,amazon.com,https://auth-portal.vercel.app/sso/login,same_platform_origin,True,3,vercel_app_amazon_0046.html,fe3f83a65fedd12432c019f217bff6b3786254785cb2367f1eec2846a50db4b8,547731
1,firebase_app,firebaseapp.com,Twitter,twitter.com,https://auth-portal.firebaseapp.com/sso/login,same_platform_origin,True,1,firebase_app_twitter_0047.html,0ba1a71648bfd8ed8ba45f1d066569cda73a30639e97de217b3097cb0224e85a,10947
1,vercel_app,vercel.app,Amazon,amazon.com,https://login-portal.vercel.app/oauth/authorize,same_platform_origin,True,1,vercel_app_amazon_0048.html,2a9c32ffdc95de05ffb46329f09a5d21b08ab59ef5743c2bb6980ca46c90f381,547610
1,firebase_app,firebaseapp.com,Facebook,facebook.com,https://auth-verify.firebaseapp.com/identity/verify,same_platform_origin,True,3,firebase_app_facebook_0049.html,cd397db3a3a00df67b97dfafcb8ab2461ca25f788ba7182c87b98e4570dd28fa,12267
1,netlify_app,netlify.app,Amazon,amazon.com,https://secure-auth.netlify.app/login,same_platform_origin,True,3,netlify_app_amazon_0050.html,ddadb0dd89192969b983c78b7c1904e538f3cb53425cb1cb8cd36aed59a78b72,547701
1,github_io,github.io,Amazon,amazon.com,https://login-verify.github.io/signin,same_platform_origin,True,2,github_io_amazon_0051.html,4760cc073e507249237eeea6e64d12f5eafaabff9a2be61dab99ce264ec2838f,547636
1,github_io,github.io,Facebook,facebook.com,https://secure-auth.github.io/auth,same_platform_origin,True,3,github_io_facebook_0052.html,4b48d643eca0e784b7a7d43e5307f3701f2845ea91486745b9a76a913d431c9d,12248
1,pages_dev,pages.dev,Amazon,amazon.com,https://verify-account.pages.dev/sso/login,same_platform_origin,True,1,pages_dev_amazon_0053.html,c1caeafb939aaf2cf148c79d0f377e03450e1bebaee509e3452166ed3746d0f2,547591
1,vercel_app,vercel.app,LinkedIn,linkedin.com,https://auth-verify.vercel.app/auth,same_platform_origin,True,3,vercel_app_linkedin_0054.html,0f039e24cd7d8d9fbfb197ed72065a6fa5b8060c8328dc55dfa8bb91acceeeb1,11516
1,pages_dev,pages.dev,Amazon,amazon.com,https://login-verify.pages.dev/login,same_platform_origin,True,3,pages_dev_amazon_0055.html,1de0e2da65d1ecd052248a6909183bd9f60d9c269bff6053d08be263082bfbcf,547710
1,vercel_app,vercel.app,LinkedIn,linkedin.com,https://login-verify.vercel.app/sso/login,same_platform_origin,True,1,vercel_app_linkedin_0056.html,c7e43698ff7c96232b928a00d54c65cec25c5d6783ad670fbcba5989706f8271,11387
1,netlify_app,netlify.app,Facebook,facebook.com,https://login-portal.netlify.app/oauth/authorize,same_platform_origin,True,4,netlify_app_facebook_0057.html,a065004b7c6f01ede2e4293a6c2d5cbae99125482e278bd52d60355b32dcbb22,12304
1,netlify_app,netlify.app,Amazon,amazon.com,https://login-portal.netlify.app/login,same_platform_origin,True,1,netlify_app_amazon_0058.html,e16f549fedebc4e7f5488c08364f81bc55dead7e73315b9150654ebcdf2b7b15,547587
1,pages_dev,pages.dev,Amazon,amazon.com,https://login-verify.pages.dev/login,same_platform_origin,True,3,pages_dev_amazon_0059.html,d1d450c74455bd4d08aae6d7f7402766e331c37849116dfc06f7ed6f974964e8,547724
1,firebase_app,firebaseapp.com,Facebook,facebook.com,https://auth-portal.firebaseapp.com/sso/login,same_platform_origin,True,2,firebase_app_facebook_0060.html,8e57246c3ec0120ac982191de54e223fa12b0d2d069609ba5c0a2d1138b7713e,12193
1,firebase_app,firebaseapp.com,Facebook,facebook.com,https://secure-auth.firebaseapp.com/verify,same_platform_origin,True,4,firebase_app_facebook_0061.html,b5f35e183268566b599aa08982499fa2fb4e5ce56308caecee923f01316f2855,12293
1,netlify_app,netlify.app,Twitter,twitter.com,https://account-confirm.netlify.app/auth,same_platform_origin,True,4,netlify_app_twitter_0062.html,3871cb0fc6d26472664c59dff80f5955cd00643b3f82a155d6b3be4fd7369b8b,11123
1,vercel_app,vercel.app,LinkedIn,linkedin.com,https://account-confirm.vercel.app/account/signin,same_platform_origin,True,3,vercel_app_linkedin_0063.html,01446cc5cc75f49c5f58031d54d3200001f88e645fb10128c0876b7b5aa753e4,11532
1,vercel_app,vercel.app,Twitter,twitter.com,https://verify-account.vercel.app/sso/login,same_platform_origin,True,3,vercel_app_twitter_0064.html,a4cec78d141315ab267c7cc0fdb5149830a578757f61346c8869cd6dd0625bd9,11086
1,github_io,github.io,Facebook,facebook.com,https://secure-auth.github.io/auth,same_platform_origin,True,4,github_io_facebook_0065.html,4fe037e098898bec5a6464bfceecb8816f2a6dd3f0c6f82a439fa6defb484369,12302
1,firebase_app,firebaseapp.com,LinkedIn,linkedin.com,https://login-portal.firebaseapp.com/signin,same_platform_origin,True,2,firebase_app_linkedin_0066.html,c698ab90317d7a2d5302ac9fba9b8c423a4a72052b50d0a906762cc39cc42aa5,11486
1,vercel_app,vercel.app,Facebook,facebook.com,https://identity-check.vercel.app/session/new,same_platform_origin,True,1,vercel_app_facebook_0067.html,20c12c4bedea8633c96181d495b7e36659b90e31d4d6213c300d6abcd919c93a,12114
1,vercel_app,vercel.app,Twitter,twitter.com,https://secure-login.vercel.app/verify,same_platform_origin,True,4,vercel_app_twitter_0068.html,efe574ebdf008283d5322ea76012f9ccbe6cb47874220442ee62a8d4f3d3f5f2,11146
1,vercel_app,vercel.app,Twitter,twitter.com,https://secure-auth.vercel.app/auth,same_platform_origin,True,4,vercel_app_twitter_0069.html,d71f307636b0d4da386b28a50c1348c003b08c049afdbfce9771745f373c27c9,11152
1,pages_dev,pages.dev,Amazon,amazon.com,https://identity-check.pages.dev/verify,same_platform_origin,True,4,pages_dev_amazon_0070.html,550df49341143f09b83050c3e5878ccdf6988fa11abf4c4cd9aa965d6cce55e3,547792
1,vercel_app,vercel.app,Amazon,amazon.com,https://secure-auth.vercel.app/session/new,same_platform_origin,True,4,vercel_app_amazon_0071.html,b57e379caa92251cdd6c56666a091edca4ef1bc2d98916a059e0d57a76b14fbc,547795
1,pages_dev,pages.dev,LinkedIn,linkedin.com,https://account-confirm.pages.dev/sso/login,same_platform_origin,True,4,pages_dev_linkedin_0072.html,a6e8be7e9322449325bed3a42e81cbc4a47bb54b0d14982fc4af36f9e96fa161,11588
1,firebase_app,firebaseapp.com,Facebook,facebook.com,https://login-portal.firebaseapp.com/signin,same_platform_origin,True,1,firebase_app_facebook_0073.html,3efd2b8f150f258c257825b101aa7ad1ccbd2cf8a608505454dc3aa5a101c4ec,12092
1,vercel_app,vercel.app,Amazon,amazon.com,https://login-portal.vercel.app/sso/login,same_platform_origin,True,1,vercel_app_amazon_0074.html,11ad672db74b1b9eafc9ddbb48b68824633eabf18df26b727d176d15b7b97964,547586
1,vercel_app,vercel.app,Twitter,twitter.com,https://identity-check.vercel.app/auth,same_platform_origin,True,4,vercel_app_twitter_0075.html,c1815da21b4882f4404c4856dafd212c247312a454f0c8f419401689a68a26eb,11122
1,firebase_app,firebaseapp.com,LinkedIn,linkedin.com,https://account-verify.firebaseapp.com/account/signin,same_platform_origin,True,4,firebase_app_linkedin_0076.html,0c4528d18ade96941e3e4debab0ce7fd3839ae9c5082bb9d4ed612089a0a972b,11582
1,github_io,github.io,Twitter,twitter.com,https://identity-check.github.io/sso/login,same_platform_origin,True,2,github_io_twitter_0077.html,5224d6a91e9b1b75860ee2a1e0e0315708c59731c341fb0c28eaa6b5f67a8d53,11016
1,github_io,github.io,Facebook,facebook.com,https://account-confirm.github.io/auth,same_platform_origin,True,1,github_io_facebook_0078.html,37611b458834815d968d3f1ae562309ab205c825a082641c6e2948fea37dfe93,12087
1,netlify_app,netlify.app,Facebook,facebook.com,https://login-portal.netlify.app/verify,same_platform_origin,True,3,netlify_app_facebook_0079.html,bb44f79e6682a0471c81721fdac097c1553ccd309fdbeab401d7c6ae900bc848,12225
1,firebase_app,firebaseapp.com,Facebook,facebook.com,https://secure-login.firebaseapp.com/auth,same_platform_origin,True,4,firebase_app_facebook_0080.html,9f81c063c98f1de3dc8e43e99a395ae610606fc501d4d0c0ca31abb7a3ab13e9,12267
1,github_io,github.io,Facebook,facebook.com,https://account-verify.github.io/signin,same_platform_origin,True,2,github_io_facebook_0081.html,eea826ed08d5f545d89be745566e98629a55d1c7ecd41c22f2f7ca8f73ac9b58,12160
1,firebase_app,firebaseapp.com,Amazon,amazon.com,https://security-check.firebaseapp.com/identity/verify,same_platform_origin,True,2,firebase_app_amazon_0082.html,a2516ddad4223e53b3c0850979df5711eb4fe242eaa16249b0ee919c3c39c82e,547671
1,vercel_app,vercel.app,LinkedIn,linkedin.com,https://sso-portal.vercel.app/sso/login,same_platform_origin,True,1,vercel_app_linkedin_0083.html,be48601ca6ebc15166b1e68e9322f718c0304918449dcd1c67b4013d71de90ee,11405
1,vercel_app,vercel.app,Facebook,facebook.com,https://login-verify.vercel.app/oauth/authorize,same_platform_origin,True,4,vercel_app_facebook_0084.html,ffef9a97ed58090b12616707f0e634b63cc3b6b495828ca42a8f68d92926ed5a,12286
1,netlify_app,netlify.app,Twitter,twitter.com,https://verify-account.netlify.app/sso/login,same_platform_origin,True,2,netlify_app_twitter_0085.html,13cba39f73b1a47710bc74c545f339060bc1d4e1a1b32b111cca415596e32e9e,11035
1,vercel_app,vercel.app,Amazon,amazon.com,https://account-verify.vercel.app/identity/verify,same_platform_origin,True,2,vercel_app_amazon_0086.html,bd63bc1b510c7bfad9506191b7b73cd79b5f95247e386e28276214b5722c992c,547679
1,vercel_app,vercel.app,Amazon,amazon.com,https://security-check.vercel.app/account/signin,same_platform_origin,True,3,vercel_app_amazon_0087.html,0a58c6688542cecb424f0a85551cbf20f14b080b8feba2027d4409736f746c6c,547760
1,github_io,github.io,Facebook,facebook.com,https://login-verify.github.io/auth,same_platform_origin,True,2,github_io_facebook_0088.html,0b831f3ae49511c057d5bc37c602940c27ae0a440cf2d007046cc990d03abef2,12175
1,pages_dev,pages.dev,Amazon,amazon.com,https://security-check.pages.dev/auth,same_platform_origin,True,1,pages_dev_amazon_0089.html,8be5f629c13291d930ba30914657eb5294479b920cb9b74062b7bc4e49db2df4,547578
1,firebase_app,firebaseapp.com,Twitter,twitter.com,https://account-verify.firebaseapp.com/identity/verify,same_platform_origin,True,1,firebase_app_twitter_0090.html,ecf96dd7fa4b2784889e366d83667b7b743e9a4e7ef3f616186822354963668f,10950
1,pages_dev,pages.dev,LinkedIn,linkedin.com,https://verify-account.pages.dev/identity/verify,same_platform_origin,True,2,pages_dev_linkedin_0091.html,7d05c1738eec7f82f61f3ae877ec42b42bb8bf5bb9b4885bc9e77457b3134795,11446
1,github_io,github.io,Twitter,twitter.com,https://login-verify.github.io/auth,same_platform_origin,True,1,github_io_twitter_0092.html,b86b4c119b37abe8cde57e266e7818f334b046ffeaca53aa774faf923e8da09f,10929
1,netlify_app,netlify.app,Facebook,facebook.com,https://sso-portal.netlify.app/account/signin,same_platform_origin,True,3,netlify_app_facebook_0093.html,3bf68638dbd6a270dc26da64fa7eca0caa8aed00919e98bd229b2f4ced7b5fe2,12250
1,netlify_app,netlify.app,Facebook,facebook.com,https://account-confirm.netlify.app/login,same_platform_origin,True,2,netlify_app_facebook_0094.html,1abf510e3b08e85c5bfab6849d9f86668d7975245afa8d39683d60edb266c401,12145
1,vercel_app,vercel.app,Twitter,twitter.com,https://login-portal.vercel.app/login,same_platform_origin,True,1,vercel_app_twitter_0095.html,b3569ae8919725c544fab13db86b276f689e3230079ee7718c22fafdf7e0ce26,10950
1,vercel_app,vercel.app,Amazon,amazon.com,https://security-check.vercel.app/session/new,same_platform_origin,True,4,vercel_app_amazon_0096.html,0cf91dc45480a519b43118562a3dca8b9534ca22e7e24ce084d7f136253cc2db,547831
1,firebase_app,firebaseapp.com,LinkedIn,linkedin.com,https://auth-portal.firebaseapp.com/verify,same_platform_origin,True,3,firebase_app_linkedin_0097.html,a7f7be05dd633a4260202f91ce0742354f967a774a6b24b8bac5d09d07fe8fa9,11528
1,pages_dev,pages.dev,Amazon,amazon.com,https://auth-portal.pages.dev/account/signin,same_platform_origin,True,4,pages_dev_amazon_0098.html,76819927202e5279424e8f00077d8c305938215fae37f85e1c040b6e7badf8d8,547813
1,github_io,github.io,Twitter,twitter.com,https://secure-login.github.io/verify,same_platform_origin,True,1,github_io_twitter_0099.html,a23671e1f1a99db6e1bb44bf25d13db2e54c0df93a7be7e08cdcda76a32bfaf7,10932
1,firebase_app,firebaseapp.com,Facebook,facebook.com,https://account-confirm.firebaseapp.com/sso/login,same_platform_origin,True,4,firebase_app_facebook_0100.html,e9502debbe61266fc7816334f4e74fce1e91e50ddfda70fa7bd48be5270fcbf3,12293
1,github_io,github.io,Twitter,twitter.com,https://account-verify.github.io/identity/verify,same_platform_origin,True,2,github_io_twitter_0101.html,83f1a538532ecababdf289df8f18e9f3215701442d5c8373426b20ce985f3192,11023
1,netlify_app,netlify.app,Facebook,facebook.com,https://sso-portal.netlify.app/sso/login,same_platform_origin,True,3,netlify_app_facebook_0102.html,49b3a0adc2d194ef893041a3202af78b7f173de140a0984a1a0cc23555e27971,12224
1,netlify_app,netlify.app,Amazon,amazon.com,https://security-check.netlify.app/account/signin,same_platform_origin,True,1,netlify_app_amazon_0103.html,275d586ec04b5735a424f1db91099ed6adbc7c0a3d576fdea737a19c10e6d390,547590
1,firebase_app,firebaseapp.com,Amazon,amazon.com,https://secure-login.firebaseapp.com/identity/verify,same_platform_origin,True,3,firebase_app_amazon_0104.html,10e96a16d145c8aef7a1e2eb3f2aec854aa9c667a441c4f5a4cda6baea66f218,547755
1,vercel_app,vercel.app,Facebook,facebook.com,https://sso-portal.vercel.app/verify,same_platform_origin,True,2,vercel_app_facebook_0105.html,82cd5e4e4920e237906dc356742a7ed511c7f43c9e2a9b64c2b67e362c163166,12161
1,github_io,github.io,Amazon,amazon.com,https://account-confirm.github.io/session/new,same_platform_origin,True,1,github_io_amazon_0106.html,efc43d93d5f6f48631d307d968915fbe284f00dbe9535395f5483f12d0508f7e,547609
1,github_io,github.io,Facebook,facebook.com,https://secure-auth.github.io/sso/login,same_platform_origin,True,3,github_io_facebook_0107.html,621a4f004c54ccdbdf33d22bc7b770df79f68cbe785668143aa7c4985878c1bf,12228
1,firebase_app,firebaseapp.com,LinkedIn,linkedin.com,https://secure-login.firebaseapp.com/session/new,same_platform_origin,True,2,firebase_app_linkedin_0108.html,cf0837f81f1a39cd938289b15a888a333262be3071c42ce766ac5965382eb8bd,11491
1,pages_dev,pages.dev,LinkedIn,linkedin.com,https://account-confirm.pages.dev/oauth/authorize,same_platform_origin,True,3,pages_dev_linkedin_0109.html,9c6e895eb3a3d01ba603f12047ed420f649ee6d103fabf765257b51e127f7e65,11517
1,pages_dev,pages.dev,Facebook,facebook.com,https://account-verify.pages.dev/verify,same_platform_origin,True,1,pages_dev_facebook_0110.html,dc75376badaae6ecd30b40322591b7fc020386bcffc59cbce043541b18cd64d5,12094
1,netlify_app,netlify.app,Twitter,twitter.com,https://security-check.netlify.app/sso/login,same_platform_origin,True,2,netlify_app_twitter_0111.html,513040356c179d6d15ce0e0b62666b908c9dd903698144dd21538f356212d1ca,10997
1,github_io,github.io,Amazon,amazon.com,https://auth-verify.github.io/account/signin,same_platform_origin,True,3,github_io_amazon_0112.html,520007fc3abee00574526157ccb37ae605f4a26179ef366ba132b4b8fb18768d,547731
1,github_io,github.io,Twitter,twitter.com,https://account-verify.github.io/login,same_platform_origin,True,4,github_io_twitter_0113.html,07e11872de733528c0b3e56b5cef11a46789fa750bdc410e190235a5eed84311,11138
1,github_io,github.io,Facebook,facebook.com,https://login-verify.github.io/account/signin,same_platform_origin,True,4,github_io_facebook_0114.html,5a34283ab3553d47effd6c2648c616b656d7498617146e5205d72aeb6222c630,12290
1,firebase_app,firebaseapp.com,Amazon,amazon.com,https://sso-portal.firebaseapp.com/sso/login,same_platform_origin,True,4,firebase_app_amazon_0115.html,380bde347ac2de1efad1d50fe543e70941a627d4db375477cbb92a4f40ea5611,547797
1,pages_dev,pages.dev,Twitter,twitter.com,https://auth-portal.pages.dev/account/signin,same_platform_origin,True,2,pages_dev_twitter_0116.html,133c819d1058c1cbba7e76882eab5dd29210d7873ef72f80e580e490779b8f51,11009
1,firebase_app,firebaseapp.com,Facebook,facebook.com,https://login-portal.firebaseapp.com/signin,same_platform_origin,True,1,firebase_app_facebook_0117.html,3efd2b8f150f258c257825b101aa7ad1ccbd2cf8a608505454dc3aa5a101c4ec,12092
1,firebase_app,firebaseapp.com,Amazon,amazon.com,https://account-confirm.firebaseapp.com/login,same_platform_origin,True,1,firebase_app_amazon_0118.html,96937652edbd2c3f0fedbaa6bfa9def19b614aa2f4b97b893efef8e9c4f5184d,547590
1,pages_dev,pages.dev,Facebook,facebook.com,https://login-portal.pages.dev/auth,same_platform_origin,True,4,pages_dev_facebook_0119.html,11caa333b7071b5e9e6db1bcf50be48d78c28b4ddc3df6f9170bb3f8b9c569a9,12292
1,github_io,github.io,Amazon,amazon.com,https://login-verify.github.io/identity/verify,same_platform_origin,True,4,github_io_amazon_0120.html,bec471513be5b0844cd4a7a644225fad3d0e8ecb87e4fcb1e8dbf7d96857ffe4,547829
1,pages_dev,pages.dev,Amazon,amazon.com,https://sso-portal.pages.dev/session/new,same_platform_origin,True,1,pages_dev_amazon_0121.html,9c00deb52c670ce117523531f919791f9445a047ec645f0c25705a5a3fa8361b,547581
1,vercel_app,vercel.app,Amazon,amazon.com,https://secure-auth.vercel.app/signin,same_platform_origin,True,1,vercel_app_amazon_0122.html,0ce465ecdf0270f048a815aa42c5440ff8f7e353fe5668d94053eb1f1ae9b84b,547586
1,vercel_app,vercel.app,Amazon,amazon.com,https://account-verify.vercel.app/sso/login,same_platform_origin,True,4,vercel_app_amazon_0123.html,b45664ea19c340ea5fee401797b66bd8a2d5e6b531adf128494958ed45f32c0f,547790
1,vercel_app,vercel.app,Twitter,twitter.com,https://secure-auth.vercel.app/oauth/authorize,same_platform_origin,True,2,vercel_app_twitter_0124.html,5e68b45efe1b31a6150573c1df8cb33a4a4f86b7b809033f0b7c5d5a185d69dc,11005
1,pages_dev,pages.dev,Twitter,twitter.com,https://account-verify.pages.dev/sso/login,same_platform_origin,True,2,pages_dev_twitter_0125.html,aa1155e7e550e3028677532c8c88a7cc62dd42941b2791b3d03707567ac958ec,11034
1,firebase_app,firebaseapp.com,Facebook,facebook.com,https://identity-check.firebaseapp.com/verify,same_platform_origin,True,2,firebase_app_facebook_0126.html,eec51295a88cb11811fa78fcbd847e63869954edbebae7fdc7fc5d0ef7ea1ed3,12184
1,vercel_app,vercel.app,Facebook,facebook.com,https://identity-check.vercel.app/session/new,same_platform_origin,True,2,vercel_app_facebook_0127.html,07d14c36757f60706522535cc49e093e6df126560f77060e25098781f1b5554f,12184
1,vercel_app,vercel.app,LinkedIn,linkedin.com,https://login-portal.vercel.app/account/signin,same_platform_origin,True,2,vercel_app_linkedin_0128.html,b81504a9d518101f5ef35efd722be932a3ede9e4bf42040f3f594eb834206012,11471
1,netlify_app,netlify.app,Twitter,twitter.com,https://verify-account.netlify.app/verify,same_platform_origin,True,1,netlify_app_twitter_0129.html,f7b1381c6c974f123842c867a76289d5da96945d5b6c590e36d3fe7499414715,10954
1,github_io,github.io,Facebook,facebook.com,https://account-verify.github.io/signin,same_platform_origin,True,3,github_io_facebook_0130.html,06b92b35a15dfd53ebd7b16150ff847a81d9097c165b9f88d25078d21b1f42b5,12256
1,firebase_app,firebaseapp.com,LinkedIn,linkedin.com,https://verify-account.firebaseapp.com/identity/verify,same_platform_origin,True,3,firebase_app_linkedin_0131.html,803f5cc21040507b12abf2018142bc5a0cca1c76679d7cb8994401186a6d216f,11581
1,firebase_app,firebaseapp.com,LinkedIn,linkedin.com,https://login-verify.firebaseapp.com/auth,same_platform_origin,True,3,firebase_app_linkedin_0132.html,ec05ae05b3969eccb05ea4cbcad6d3585e3f1385bbfc958b8009b1a0a77924d5,11545
1,firebase_app,firebaseapp.com,LinkedIn,linkedin.com,https://account-verify.firebaseapp.com/sso/login,same_platform_origin,True,4,firebase_app_linkedin_0133.html,ac1c9266073bdde8cfdbc3e8afb041cea3e2447402a2fb8d4f2ff8dce29e5b1e,11626
1,github_io,github.io,Twitter,twitter.com,https://login-portal.github.io/session/new,same_platform_origin,True,1,github_io_twitter_0134.html,dedd56833cbb34811664f4ac5d8cba9b8b3941cd58dc8420b612068a639fcd95,10958
1,pages_dev,pages.dev,LinkedIn,linkedin.com,https://account-verify.pages.dev/session/new,same_platform_origin,True,1,pages_dev_linkedin_0135.html,ad6e7f6916342b8629d51b0e079e5886867d37d12be156c3f96fa701a3bb0ffb,11387
1,netlify_app,netlify.app,LinkedIn,linkedin.com,https://login-verify.netlify.app/session/new,same_platform_origin,True,1,netlify_app_linkedin_0136.html,8097e28e0a03e2d7762047246c1f7449e652f631c3f537756dbb750544a6dd20,11405
1,vercel_app,vercel.app,Facebook,facebook.com,https://sso-portal.vercel.app/signin,same_platform_origin,True,4,vercel_app_facebook_0137.html,f3e53f8774e86b80909c3566f885827e6adbf363f88b61aeb278c7e2b7a7f4be,12299
1,pages_dev,pages.dev,Facebook,facebook.com,https://secure-auth.pages.dev/identity/verify,same_platform_origin,True,2,pages_dev_facebook_0138.html,f461f2b9e98c0dc203acd94def575e84ce9ea9391ff2c4ff8bb019ba08008d49,12192
1,netlify_app,netlify.app,Twitter,twitter.com,https://account-confirm.netlify.app/account/signin,same_platform_origin,True,4,netlify_app_twitter_0139.html,ad63101eeee917d7e7607bacde8cb92ebbbfd397f45800f22ada00de6f5ec6d3,11151
1,netlify_app,netlify.app,Facebook,facebook.com,https://auth-verify.netlify.app/account/signin,same_platform_origin,True,1,netlify_app_facebook_0140.html,a08861c6cd6d963fc490be83af9ada94840713ace998a7a38db4a8638808625a,12116
1,netlify_app,netlify.app,Amazon,amazon.com,https://login-verify.netlify.app/login,same_platform_origin,True,2,netlify_app_amazon_0141.html,454024176864682e64491da335b8a0b5753faa02f6055a480b26489690ca28ea,547679
1,github_io,github.io,Amazon,amazon.com,https://account-verify.github.io/account/signin,same_platform_origin,True,4,github_io_amazon_0142.html,e179762b368b1433d9e3fa26dbc3ef05a8c3a08bb965b1059749c807e26fb94d,547820
1,pages_dev,pages.dev,Twitter,twitter.com,https://login-portal.pages.dev/account/signin,same_platform_origin,True,4,pages_dev_twitter_0143.html,1debe4ba5f03e48f0687a931b834a31f443d317076d5c223e840c176ce193fe6,11168
1,github_io,github.io,Facebook,facebook.com,https://account-confirm.github.io/session/new,same_platform_origin,True,3,github_io_facebook_0144.html,5b7c0d19c5685017b8d7123533f5cecf854c24c6b763b58174b6bbe9206a9edb,12223
1,netlify_app,netlify.app,Twitter,twitter.com,https://account-verify.netlify.app/verify,same_platform_origin,True,1,netlify_app_twitter_0145.html,eeeaf245fde7abf0f8d1c664456384c46b5f8abbe48c6f728f8757b64bf88852,10935
1,github_io,github.io,Facebook,facebook.com,https://verify-account.github.io/session/new,same_platform_origin,True,1,github_io_facebook_0146.html,6c378f4320a1bc244ec173076d9dac519bc22c445833b1cdbfda81813b2430ba,12091
1,netlify_app,netlify.app,Twitter,twitter.com,https://identity-check.netlify.app/auth,same_platform_origin,True,3,netlify_app_twitter_0147.html,4588657f5ccbe86d89a566685c5182a07e02b4a3c218080d28b88d205c5b572d,11092
1,vercel_app,vercel.app,Facebook,facebook.com,https://account-verify.vercel.app/account/signin,same_platform_origin,True,4,vercel_app_facebook_0148.html,17777b5402d2209d3f068ac03ba417e1e20d4fca26106a39468ba5f2183735d7,12314
1,vercel_app,vercel.app,LinkedIn,linkedin.com,https://sso-portal.vercel.app/sso/login,same_platform_origin,True,1,vercel_app_linkedin_0149.html,be48601ca6ebc15166b1e68e9322f718c0304918449dcd1c67b4013d71de90ee,11405
1,pages_dev,pages.dev,Twitter,twitter.com,https://account-verify.pages.dev/signin,same_platform_origin,True,2,pages_dev_twitter_0150.html,503216ca0f3c6bd42cd8d515f180e5144b9b7d849655fa8f3696b97020960d7f,11025
1,github_io,github.io,LinkedIn,linkedin.com,https://account-confirm.github.io/auth,same_platform_origin,True,1,github_io_linkedin_0151.html,45555793c978f3574cb7dda3088dcdfdd1143ac90b2a9e5b760d6d22b18b98e7,11380
1,github_io,github.io,LinkedIn,linkedin.com,https://identity-check.github.io/identity/verify,same_platform_origin,True,3,github_io_linkedin_0152.html,f4e927741478012c76e5fae9c5c2cac44087333a59d1a3b40a14959f1c56e09c,11531
1,vercel_app,vercel.app,LinkedIn,linkedin.com,https://security-check.vercel.app/sso/login,same_platform_origin,True,1,vercel_app_linkedin_0153.html,636565d1434243d24a9ed4f1bf593a93d52580d1cd4b40bca0c6d388d80dad5b,11387
1,netlify_app,netlify.app,Facebook,facebook.com,https://login-portal.netlify.app/session/new,same_platform_origin,True,2,netlify_app_facebook_0154.html,c3ae736bbbb82adbfb6dbaafa4e965bd87fe8e271f35f17b2d6a0a682e4055e7,12148
1,pages_dev,pages.dev,Twitter,twitter.com,https://secure-login.pages.dev/verify,same_platform_origin,True,3,pages_dev_twitter_0155.html,67156abf9f29908ce1edf361604bd8b4fb9469188d07ec0495bd118c84c6b345,11068
1,vercel_app,vercel.app,Amazon,amazon.com,https://login-portal.vercel.app/account/signin,same_platform_origin,True,1,vercel_app_amazon_0156.html,418581969b20b11a7520125c277e52a57bb3a32bec5d1ca73542a0327c81424a,547591
1,pages_dev,pages.dev,Facebook,facebook.com,https://secure-login.pages.dev/sso/login,same_platform_origin,True,4,pages_dev_facebook_0157.html,24566ac5a4cf37e70af0c9d3fded97e5e7674d65c291dfb5868ea5b963546ece,12276
1,vercel_app,vercel.app,Amazon,amazon.com,https://verify-account.vercel.app/session/new,same_platform_origin,True,3,vercel_app_amazon_0158.html,4ff1392885d3cf5e3fe8558f003136144e21f1d61531fc9f1e8d014c14413a36,547723
1,github_io,github.io,Facebook,facebook.com,https://sso-portal.github.io/identity/verify,same_platform_origin,True,2,github_io_facebook_0159.html,62f29908d4d7fa8cd6f36f5b36c33bd72ba8ca46c4aee21d10e33d37f6494886,12150
1,netlify_app,netlify.app,Amazon,amazon.com,https://security-check.netlify.app/verify,same_platform_origin,True,4,netlify_app_amazon_0160.html,3fafbc11613eec32cc2fd77c466bac1fac0f7d46c59ebab35ef393b0d5a2595e,547799
1,netlify_app,netlify.app,Amazon,amazon.com,https://login-portal.netlify.app/account/signin,same_platform_origin,True,2,netlify_app_amazon_0161.html,3a90f44577fdbd28a7be1480d3a24169bdc3bd12fd7ee7ad547eef3b34d8ec52,547670
1,vercel_app,vercel.app,Twitter,twitter.com,https://verify-account.vercel.app/auth,same_platform_origin,True,4,vercel_app_twitter_0162.html,460f5a7b272363c937def7bc268fdd0b85e9eecaf3618d114d61e309565b2553,11143
1,firebase_app,firebaseapp.com,Facebook,facebook.com,https://secure-auth.firebaseapp.com/identity/verify,same_platform_origin,True,4,firebase_app_facebook_0163.html,76be7bec6f10590cc77990e5ad280e016ba5b3b13d4498b1cb49f59e51c7ae83,12360
1,github_io,github.io,LinkedIn,linkedin.com,https://account-confirm.github.io/sso/login,same_platform_origin,True,4,github_io_linkedin_0164.html,13d1640b495f9b4094321159470db290ad72f6480737ae17c69f629664e38e27,11599
1,github_io,github.io,Twitter,twitter.com,https://account-verify.github.io/session/new,same_platform_origin,True,2,github_io_twitter_0165.html,950ae501696e68d6850b2e5245e50bd5fef04c82822b2f840eebefe8b170ad78,11015
1,firebase_app,firebaseapp.com,Facebook,facebook.com,https://security-check.firebaseapp.com/identity/verify,same_platform_origin,True,2,firebase_app_facebook_0166.html,0a601459881270e6af0eb27abb624cf152cfca942ff8cc53815ac3ad58bfff7d,12157
1,vercel_app,vercel.app,Twitter,twitter.com,https://secure-auth.vercel.app/verify,same_platform_origin,True,4,vercel_app_twitter_0167.html,63220ab3da28cce01fb0ebbf8c545bc7b62a8a9c34d71af46d2963c113e0ec10,11161
1,vercel_app,vercel.app,Amazon,amazon.com,https://secure-login.vercel.app/auth,same_platform_origin,True,2,vercel_app_amazon_0168.html,72e4703687a93cad65e5b835049922f51627a58df133b4f715ec26b52fd143fb,547641
1,firebase_app,firebaseapp.com,Twitter,twitter.com,https://secure-login.firebaseapp.com/login,same_platform_origin,True,3,firebase_app_twitter_0169.html,44758bf6322804d10cbb8e4890a06f0c15eaa385dc074854974ca9cf17ce1e09,11070
1,firebase_app,firebaseapp.com,Facebook,facebook.com,https://account-confirm.firebaseapp.com/auth,same_platform_origin,True,4,firebase_app_facebook_0170.html,a31bf8e6b517c29f6cfe1334ffa5cc7efd870bb1cf6cd63c06f2eadc8de27fe8,12309
1,github_io,github.io,Amazon,amazon.com,https://account-confirm.github.io/signin,same_platform_origin,True,2,github_io_amazon_0171.html,6001deb2ca7532df843dfd651ff266c03019915b33cafe170c1140f2e5951b1e,547637
1,pages_dev,pages.dev,LinkedIn,linkedin.com,https://security-check.pages.dev/oauth/authorize,same_platform_origin,True,2,pages_dev_linkedin_0172.html,9dcb5269d34a6e275c531cccb078435f61e8a263d72f9a28fffb6b8caf22f7ff,11446
1,netlify_app,netlify.app,LinkedIn,linkedin.com,https://security-check.netlify.app/verify,same_platform_origin,True,3,netlify_app_linkedin_0173.html,156b9cd5d2d61652dc0dc15cf2dde44f48c13a2df3ee9051c5477dee606a143f,11531
1,netlify_app,netlify.app,Amazon,amazon.com,https://auth-portal.netlify.app/auth,same_platform_origin,True,4,netlify_app_amazon_0174.html,ddf926f812242304042ae96a0e8c775f15c4e4f095ba242eab1d4a5c1d0d574f,547788
1,firebase_app,firebaseapp.com,LinkedIn,linkedin.com,https://secure-auth.firebaseapp.com/sso/login,same_platform_origin,True,3,firebase_app_linkedin_0175.html,a44a4a4fea6c8d8f05fda00f1c2bc295361f473eb826044cd8db6740a8374059,11546
1,github_io,github.io,Amazon,amazon.com,https://account-confirm.github.io/session/new,same_platform_origin,True,1,github_io_amazon_0176.html,49787c15e95e666690a8077a57ff4dc435c2d8c2d35ae284e901e2b12746f6cb,547605
1,github_io,github.io,Twitter,twitter.com,https://secure-login.github.io/auth,same_platform_origin,True,3,github_io_twitter_0177.html,fb46509fcbdbfa5b4bba3be40ba7d0256ff96cd288a368299d1f128b69f3bf77,11042
1,github_io,github.io,Facebook,facebook.com,https://verify-account.github.io/login,same_platform_origin,True,3,github_io_facebook_0178.html,ecae1bc43203e4e36346472db41a11a2fe51645d02597f88222ce3f9b29397f8,12239
1,github_io,github.io,Amazon,amazon.com,https://secure-auth.github.io/identity/verify,same_platform_origin,True,3,github_io_amazon_0179.html,dcd61e0b83c4978e7d0755fa9ee24c7976b7642854a984fea42f4f74e22a17bd,547742
1,vercel_app,vercel.app,Twitter,twitter.com,https://login-verify.vercel.app/session/new,same_platform_origin,True,1,vercel_app_twitter_0180.html,97f39ceec16e3dbfca12dab3b3b6aa9e1df11ce4fdfe285a7b24b3d6cf320c75,10938
1,vercel_app,vercel.app,Facebook,facebook.com,https://auth-verify.vercel.app/identity/verify,same_platform_origin,True,2,vercel_app_facebook_0181.html,2724a99efb7deb85faf60debc1ebd373c5340ba450835afebf9d5b0d7978a83a,12171
1,firebase_app,firebaseapp.com,Facebook,facebook.com,https://secure-auth.firebaseapp.com/signin,same_platform_origin,True,2,firebase_app_facebook_0182.html,f06777125fb4db8ec84442d8d77fbe1fe8c4cd540a46522b6605794603d3091d,12146
1,firebase_app,firebaseapp.com,LinkedIn,linkedin.com,https://sso-portal.firebaseapp.com/identity/verify,same_platform_origin,True,4,firebase_app_linkedin_0183.html,3cfd257c55fa7818b2ae44bef75b4a55c2778e8023294cb568f1cd17c2ec35ed,11607
1,vercel_app,vercel.app,Twitter,twitter.com,https://account-confirm.vercel.app/identity/verify,same_platform_origin,True,1,vercel_app_twitter_0184.html,423ca4a3092ed05e4815ace2a7879edca76c85e9fac0d54a32239eaeb61a0049,10945
1,netlify_app,netlify.app,Facebook,facebook.com,https://login-verify.netlify.app/identity/verify,same_platform_origin,True,3,netlify_app_facebook_0185.html,9ab0b42bf5b1af8fa2288951af77d4e4c11585db9cb0fe1c51318f91d1c1434d,12250
1,vercel_app,vercel.app,LinkedIn,linkedin.com,https://sso-portal.vercel.app/account/signin,same_platform_origin,True,4,vercel_app_linkedin_0186.html,c78d7ebcade3513765ce7a84a137567d04aec020679ae57752fcb100272f23a9,11601
1,github_io,github.io,LinkedIn,linkedin.com,https://identity-check.github.io/auth,same_platform_origin,True,4,github_io_linkedin_0187.html,71cec25a6ce01e32ee676c4d188687691312dd5b653d23df4c0f093ae57966e8,11575
1,firebase_app,firebaseapp.com,Amazon,amazon.com,https://secure-login.firebaseapp.com/login,same_platform_origin,True,4,firebase_app_amazon_0188.html,4ee3a7896ab05bcaf6856605171e3fd7bd4abae8c709b79590257e0d3aab5b1c,547781
1,netlify_app,netlify.app,Amazon,amazon.com,https://account-confirm.netlify.app/login,same_platform_origin,True,1,netlify_app_amazon_0189.html,1648bf1a153443394a6adb0671b03c577a99eef8f29238e718e1f42013f75871,547607
1,pages_dev,pages.dev,Facebook,facebook.com,https://account-verify.pages.dev/signin,same_platform_origin,True,4,pages_dev_facebook_0190.html,0cc6762d406b4fecfb7990d05a54a6163e335834a5d3007a251667fde2286c95,12299
1,firebase_app,firebaseapp.com,Twitter,twitter.com,https://account-confirm.firebaseapp.com/sso/login,same_platform_origin,True,2,firebase_app_twitter_0191.html,e97bddd3577e8ec65cf4cafc25b35b018b4b06d4127f7be173905ba660bccd95,11047
1,pages_dev,pages.dev,Twitter,twitter.com,https://auth-portal.pages.dev/signin,same_platform_origin,True,1,pages_dev_twitter_0192.html,81665c407618563dbb43d19f0510794f6b3e1da62b0906732330eabc4ee8db2e,10949
1,netlify_app,netlify.app,Twitter,twitter.com,https://login-portal.netlify.app/login,same_platform_origin,True,1,netlify_app_twitter_0193.html,51e36bd4bd73c5093d39f342b7feda8f96921e97eb50f52edada0f06c9d2865e,10936
1,github_io,github.io,Amazon,amazon.com,https://verify-account.github.io/session/new,same_platform_origin,True,1,github_io_amazon_0194.html,e7986d686df51c616a268f9140d548fd27eff0040784ae883bc132c04a9aee36,547585
1,vercel_app,vercel.app,Twitter,twitter.com,https://secure-auth.vercel.app/verify,same_platform_origin,True,1,vercel_app_twitter_0195.html,d315698502ef2ffe6692d6baec6d4c8c56b4b6081ee020ccd929663a879ee7f3,10933
1,github_io,github.io,Amazon,amazon.com,https://secure-login.github.io/session/new,same_platform_origin,True,2,github_io_amazon_0196.html,1bcc8010173a0f73fd4a6346f9242a2f0044c6bcf59eaff99ef1970fd51e967a,547643
1,vercel_app,vercel.app,Amazon,amazon.com,https://security-check.vercel.app/login,same_platform_origin,True,4,vercel_app_amazon_0197.html,73ad54dd8331df20540f122e11ad5b500383ea1b047e996c3873b4ac05f9f94b,547823
1,vercel_app,vercel.app,Facebook,facebook.com,https://secure-login.vercel.app/account/signin,same_platform_origin,True,2,vercel_app_facebook_0198.html,35db8d2aba7512e87e5094dd1cea14d47f303cf2ca06058c9b44cad35a021fca,12189
1,vercel_app,vercel.app,Facebook,facebook.com,https://account-confirm.vercel.app/sso/login,same_platform_origin,True,4,vercel_app_facebook_0199.html,4d93503bdeaa7c3e7cf98acd854693ccacba360fafc2dfc02180d24349906080,12290
1,pages_dev,pages.dev,Amazon,amazon.com,https://identity-check.pages.dev/login,same_platform_origin,True,1,pages_dev_amazon_0200.html,6d321f24b8e505d865c22c7895a4b173200dc3f7755f5ec2675684a3e7781ac1,547581
1,vercel_app,vercel.app,Twitter,twitter.com,https://identity-check.vercel.app/verify,same_platform_origin,True,1,vercel_app_twitter_0201.html,49d941326566ca1d657d097182d545e464855aeffc63757dfa58d400abaf964c,10956
1,netlify_app,netlify.app,Twitter,twitter.com,https://account-confirm.netlify.app/sso/login,same_platform_origin,True,3,netlify_app_twitter_0202.html,d3c6d9d50826615aff5e92f58f0a1112ee3a803bf6b0487cf151a6e6f964b7e9,11091
1,github_io,github.io,Amazon,amazon.com,https://verify-account.github.io/verify,same_platform_origin,True,2,github_io_amazon_0203.html,ca47a660d5b8e00b0afc8156f89271e082df61d2e0a7df7fd47b4373865576a5,547678
1,firebase_app,firebaseapp.com,Facebook,facebook.com,https://account-verify.firebaseapp.com/account/signin,same_platform_origin,True,1,firebase_app_facebook_0204.html,db03303d94c857b94f8585d1c6660e5bbab58db9ca3f6f9a5c75fe3a1926923f,12100
1,firebase_app,firebaseapp.com,Twitter,twitter.com,https://security-check.firebaseapp.com/oauth/authorize,same_platform_origin,True,4,firebase_app_twitter_0205.html,e9185357c7f3345a9b4e0a18def67b7e8ad7d2260ab04ecfe6eacaf1073b6867,11155
1,netlify_app,netlify.app,LinkedIn,linkedin.com,https://identity-check.netlify.app/account/signin,same_platform_origin,True,1,netlify_app_linkedin_0206.html,636167348e3d2a3f920a16fdbd781567a11a1638639c43fee87e404b33d941e0,11413
1,pages_dev,pages.dev,Twitter,twitter.com,https://account-verify.pages.dev/oauth/authorize,same_platform_origin,True,3,pages_dev_twitter_0207.html,84f912c50bad026b2c140c6f423f591d72f19ee1b937f0c1482d68f066566c37,11082
1,netlify_app,netlify.app,LinkedIn,linkedin.com,https://auth-verify.netlify.app/signin,same_platform_origin,True,2,netlify_app_linkedin_0208.html,8324232b5886e38b55551fa365a999da645a9512edc15903a25047d0cdb00f7b,11476
1,github_io,github.io,LinkedIn,linkedin.com,https://security-check.github.io/login,same_platform_origin,True,3,github_io_linkedin_0209.html,079cd698b0e06a1b97416ccb50f4dbe8897504bee98e03e71486527dc336283c,11497
1,github_io,github.io,Amazon,amazon.com,https://secure-auth.github.io/auth,same_platform_origin,True,1,github_io_amazon_0210.html,34d74a77225f2870a213f98b02f1ad3bb593ea8a44e7a066bbdb5c01d343c614,547576
1,pages_dev,pages.dev,Amazon,amazon.com,https://auth-portal.pages.dev/sso/login,same_platform_origin,True,2,pages_dev_amazon_0211.html,2e59ca39ec64fd751b9b189870c80d250be81f9ad0a8ea695c34afed8e336194,547662
1,pages_dev,pages.dev,LinkedIn,linkedin.com,https://secure-auth.pages.dev/oauth/authorize,same_platform_origin,True,2,pages_dev_linkedin_0212.html,91f3bd1fc67cd6807b7a986741b12a61bf52c55517ec7663d964f455a7ca0824,11463
1,github_io,github.io,LinkedIn,linkedin.com,https://account-confirm.github.io/identity/verify,same_platform_origin,True,1,github_io_linkedin_0213.html,0e4eac3e722b05242cce69c578729cba22e93e1a47a735d5b153f3e8b8dcf893,11412
1,github_io,github.io,LinkedIn,linkedin.com,https://auth-portal.github.io/sso/login,same_platform_origin,True,1,github_io_linkedin_0214.html,792c1331472e992ccf59c7cabfa8937dd4b2d9e03b9b031aff5e73979be61162,11381
1,github_io,github.io,Facebook,facebook.com,https://verify-account.github.io/identity/verify,same_platform_origin,True,2,github_io_facebook_0215.html,1e6f6c9c82046aeb517c85a3c7dba9518f3508b8d68db80457efaed319f8257e,12175
1,firebase_app,firebaseapp.com,Amazon,amazon.com,https://sso-portal.firebaseapp.com/verify,same_platform_origin,True,1,firebase_app_amazon_0216.html,d1dbe80fec908777f3ba7e12ab96a96fc18290f8edb96694c66da199caa6dadf,547586
1,github_io,github.io,LinkedIn,linkedin.com,https://account-verify.github.io/account/signin,same_platform_origin,True,4,github_io_linkedin_0217.html,55ab0ddafd0710a2c65e4cd795dd291c843d66d3d1797bdc8cfc3b3a99415a21,11616
1,github_io,github.io,Amazon,amazon.com,https://auth-portal.github.io/account/signin,same_platform_origin,True,1,github_io_amazon_0218.html,d62a5902178bd6d66e767e41f15272673aed34a2ae54c6983ac103d2f814a4bc,547593
1,github_io,github.io,LinkedIn,linkedin.com,https://auth-verify.github.io/verify,same_platform_origin,True,3,github_io_linkedin_0219.html,64631e1f7887e773bed59876b26d0c3ac1d3354ef3f2336ed2467f904934107c,11514
1,firebase_app,firebaseapp.com,Facebook,facebook.com,https://account-verify.firebaseapp.com/auth,same_platform_origin,True,1,firebase_app_facebook_0220.html,731e1141eb0d525837be7c211fd21f3b149371213bcede2c8930d6fc51c78b05,12119
1,netlify_app,netlify.app,Facebook,facebook.com,https://sso-portal.netlify.app/account/signin,same_platform_origin,True,1,netlify_app_facebook_0221.html,6931fe571b63e6dfff0fb188227b572c2bdf1b7f591caa31c82e56d50bf86ea5,12115
1,vercel_app,vercel.app,LinkedIn,linkedin.com,https://verify-account.vercel.app/identity/verify,same_platform_origin,True,2,vercel_app_linkedin_0222.html,40812916c4618d6ee14e21774d8b11ad487be4dd765a5e9afcac5e0b5efd1994,11483
1,firebase_app,firebaseapp.com,Amazon,amazon.com,https://auth-verify.firebaseapp.com/auth,same_platform_origin,True,4,firebase_app_amazon_0223.html,a2b0d5ab8e2b93d8d503f34c28cbb1c41b909b3b561c272725137b0b45eb7cb4,547761
1,firebase_app,firebaseapp.com,Twitter,twitter.com,https://secure-login.firebaseapp.com/oauth/authorize,same_platform_origin,True,3,firebase_app_twitter_0224.html,013709b2a35707fb4d3c2943c53005ad2c98b18ee4a7e87cf10f9b588cb93ea7,11122
1,github_io,github.io,Amazon,amazon.com,https://auth-verify.github.io/oauth/authorize,same_platform_origin,True,3,github_io_amazon_0225.html,a8ae28eb4a852644e17f03c473d0356c5a96e6978d52c076aa204a39f18623ca,547737
1,vercel_app,vercel.app,Amazon,amazon.com,https://secure-auth.vercel.app/auth,same_platform_origin,True,1,vercel_app_amazon_0226.html,583fa67f4938f0cd9e5f1666c40146f69cd751b45c2363752ab77257309c52d2,547591
1,firebase_app,firebaseapp.com,Twitter,twitter.com,https://secure-auth.firebaseapp.com/login,same_platform_origin,True,4,firebase_app_twitter_0227.html,84b55f03ea5cfa9ca0a92ca7f7ced457a4627c13f3991854b03b23da013208e4,11144
1,vercel_app,vercel.app,Twitter,twitter.com,https://secure-auth.vercel.app/oauth/authorize,same_platform_origin,True,1,vercel_app_twitter_0228.html,63afc13d53dc4df90625095618c644b39823a678eb1c78671545d7eeadf72149,10940
1,vercel_app,vercel.app,Twitter,twitter.com,https://account-verify.vercel.app/sso/login,same_platform_origin,True,2,vercel_app_twitter_0229.html,3e3ff8b170d41ce5b05b8a341254fbd5aaea66818825d0e75c347aeac7aa89ef,11016
1,github_io,github.io,Amazon,amazon.com,https://secure-auth.github.io/login,same_platform_origin,True,3,github_io_amazon_0230.html,6f02a4628f31103acc329b165bb28456ebc0c387cc0d7af608c22dd453648921,547711
1,vercel_app,vercel.app,LinkedIn,linkedin.com,https://security-check.vercel.app/sso/login,same_platform_origin,True,4,vercel_app_linkedin_0231.html,55bccc6c2381c776e6b3ab975ae9c1b311b22716526b0a1ced2fc3f73ecd442f,11579
1,firebase_app,firebaseapp.com,Twitter,twitter.com,https://login-verify.firebaseapp.com/login,same_platform_origin,True,2,firebase_app_twitter_0232.html,acd772fa6dceb42f94b308bee80e4c6a4db6b2a63c3528effec508cc0f66bf04,11013
1,netlify_app,netlify.app,LinkedIn,linkedin.com,https://account-confirm.netlify.app/login,same_platform_origin,True,4,netlify_app_linkedin_0233.html,db1306c9d78ce7487b5cc0b15c9e00d83e1f4dcf5aa622a1ebb0e10d5a3d1099,11576
1,firebase_app,firebaseapp.com,Facebook,facebook.com,https://secure-login.firebaseapp.com/identity/verify,same_platform_origin,True,1,firebase_app_facebook_0234.html,1ce7f69acb1d9c4cff73690aecd714deadf17bad9fc03c22ab98a6685d2bb160,12121
1,github_io,github.io,Facebook,facebook.com,https://auth-verify.github.io/oauth/authorize,same_platform_origin,True,3,github_io_facebook_0235.html,e9c850d39d4b4bf0cc3006ff047b8ae77ebcef1e26d0ae26b80053a8aa7b6d21,12241
1,pages_dev,pages.dev,Twitter,twitter.com,https://account-confirm.pages.dev/session/new,same_platform_origin,True,4,pages_dev_twitter_0236.html,f1505cd0307c78c57c147bfd687ae5f3b5ef0e2906433832c8d2d94584ea0740,11145
1,github_io,github.io,Facebook,facebook.com,https://account-confirm.github.io/signin,same_platform_origin,True,3,github_io_facebook_0237.html,2e6f9246175a3b46c1e920a7b462092d1b36cb90efc0fa878fff7b3ef9427046,12220
1,pages_dev,pages.dev,Facebook,facebook.com,https://verify-account.pages.dev/signin,same_platform_origin,True,1,pages_dev_facebook_0238.html,284e7ec90a1da197ea0be0aa6ac884e7e9c71c8973e571a5299a7c714bbbb9f1,12090
1,vercel_app,vercel.app,Twitter,twitter.com,https://security-check.vercel.app/session/new,same_platform_origin,True,4,vercel_app_twitter_0239.html,83c7bdc308248fbc15b3f01812fb8e83c821732e5d09b761064a430f3b626630,11160
1,pages_dev,pages.dev,Amazon,amazon.com,https://secure-login.pages.dev/auth,same_platform_origin,True,4,pages_dev_amazon_0240.html,6fbca439934b96177da02e317527933e9fabf41adcaad533f813de3035cf4cda,547774
1,vercel_app,vercel.app,Facebook,facebook.com,https://account-confirm.vercel.app/account/signin,same_platform_origin,True,1,vercel_app_facebook_0241.html,9e23685e1186be1fa58392141df815af07d520030d2722b35f419f2732a4eeb1,12097
1,firebase_app,firebaseapp.com,Amazon,amazon.com,https://sso-portal.firebaseapp.com/signin,same_platform_origin,True,2,firebase_app_amazon_0242.html,805d22d0fc6bd98030ac3395ce5238b2bdda059350c2a7da6b94f9d9931cc4e0,547678
1,pages_dev,pages.dev,Amazon,amazon.com,https://secure-login.pages.dev/verify,same_platform_origin,True,2,pages_dev_amazon_0243.html,865619e2f347946a1bde1e5e4fe9543afbad99e0a7830015924c75ba78720914,547658
1,github_io,github.io,Amazon,amazon.com,https://login-verify.github.io/session/new,same_platform_origin,True,2,github_io_amazon_0244.html,58c2c7a07d76a4004867cb46481cb35e11d184cffe0821d01699a0761c8f1099,547657
1,firebase_app,firebaseapp.com,Twitter,twitter.com,https://verify-account.firebaseapp.com/oauth/authorize,same_platform_origin,True,4,firebase_app_twitter_0245.html,c04ea9718318d72b63e3c2b201a8519462e0ab6199c06ccaa46cc3d834f15229,11163
1,firebase_app,firebaseapp.com,Amazon,amazon.com,https://auth-portal.firebaseapp.com/login,same_platform_origin,True,3,firebase_app_amazon_0246.html,20ccac299b3478a1dd7e33882cd5ada9f931e63536bd705416e2ccc3fca4b9aa,547758
1,vercel_app,vercel.app,Facebook,facebook.com,https://sso-portal.vercel.app/session/new,same_platform_origin,True,4,vercel_app_facebook_0247.html,c7ccca55ace0f6058fbbd43b6eb0dbf0d5ab92fa0d697211b8830f123d8e7fd5,12280
1,netlify_app,netlify.app,Twitter,twitter.com,https://secure-login.netlify.app/verify,same_platform_origin,True,2,netlify_app_twitter_0248.html,a0c16a18f24d4c5de8dbd144defc5a2f370113cd63d909a14e4f7decd74476de,11018
1,vercel_app,vercel.app,Amazon,amazon.com,https://security-check.vercel.app/verify,same_platform_origin,True,4,vercel_app_amazon_0249.html,f7c6df6f69eac1a44d7e37ad29481b5de2146d65ea8e2da66f27b490b19ca4a7,547802
1,firebase_app,firebaseapp.com,LinkedIn,linkedin.com,https://secure-auth.firebaseapp.com/verify,same_platform_origin,True,1,firebase_app_linkedin_0250.html,ce7467a03f177db4ff3e072b43fd1f750f522632676fd49a9d456470115ebffa,11413
1,netlify_app,netlify.app,Facebook,facebook.com,https://secure-login.netlify.app/session/new,same_platform_origin,True,4,netlify_app_facebook_0251.html,adafb6d0dc414156eb6a8ad0c384c7d705de2a6fc863aae527e0eb70936bedfc,12312
1,vercel_app,vercel.app,Twitter,twitter.com,https://security-check.vercel.app/auth,same_platform_origin,True,1,vercel_app_twitter_0252.html,7f4c244b2f3b615f2761ab44fe2187390ba02c03350e3a954b1fcee2c0b9345e,10956
1,github_io,github.io,Twitter,twitter.com,https://account-verify.github.io/identity/verify,same_platform_origin,True,3,github_io_twitter_0253.html,0c9115335c3c8a1bfc4dd9cfe73d4ed8eefacdaf92597fc47ddf15841da91e98,11118
1,github_io,github.io,Amazon,amazon.com,https://account-confirm.github.io/account/signin,same_platform_origin,True,2,github_io_amazon_0254.html,00364989f10eec4a39541356f029cd3c4821e9b12f9298d30545e192166c4f91,547656
1,pages_dev,pages.dev,Twitter,twitter.com,https://verify-account.pages.dev/sso/login,same_platform_origin,True,4,pages_dev_twitter_0255.html,0684c26a1d820a9804f2058e86f55cc6371d8f569b62b463dcd761314ef9d81f,11160
1,github_io,github.io,LinkedIn,linkedin.com,https://account-verify.github.io/account/signin,same_platform_origin,True,2,github_io_linkedin_0256.html,8cd6e9670535571f7d6c3f16c0cc2d86637abf28f64ad0397e5c23b9447c6fea,11485
1,pages_dev,pages.dev,LinkedIn,linkedin.com,https://sso-portal.pages.dev/login,same_platform_origin,True,3,pages_dev_linkedin_0257.html,9ff4992e228bc9d3625be91d9e780c0a1524569789deb174ff065c267dcb35c2,11498
1,firebase_app,firebaseapp.com,Amazon,amazon.com,https://verify-account.firebaseapp.com/session/new,same_platform_origin,True,4,firebase_app_amazon_0258.html,3c4d94510a9bd66e6692f9863b5791aa549a1751e6cdcbe4d7ea74574875c986,547821
1,pages_dev,pages.dev,Amazon,amazon.com,https://verify-account.pages.dev/identity/verify,same_platform_origin,True,1,pages_dev_amazon_0259.html,84839e39b371f9abe617939404f8ee79cea4b502a9aa310d9d820667d7350327,547604
1,pages_dev,pages.dev,Amazon,amazon.com,https://auth-portal.pages.dev/signin,same_platform_origin,True,3,pages_dev_amazon_0260.html,c06589041e429776c0a789bfa187cc7d43bceb61d30917e19a2b76fdd0917bd9,547728
1,firebase_app,firebaseapp.com,Facebook,facebook.com,https://login-portal.firebaseapp.com/login,same_platform_origin,True,2,firebase_app_facebook_0261.html,c435813a84d85130303e0dd0c44c3a59641e10d30debeda3f86d23994322f5c9,12154
1,vercel_app,vercel.app,Twitter,twitter.com,https://login-portal.vercel.app/session/new,same_platform_origin,True,3,vercel_app_twitter_0262.html,07b7428c8a8bd2487870af9f395f1fe49f8c40cb435286994b1f4cacfc239324,11092
1,firebase_app,firebaseapp.com,Amazon,amazon.com,https://login-portal.firebaseapp.com/session/new,same_platform_origin,True,3,firebase_app_amazon_0263.html,4bfd71fa8449bbce5a1ea6c6b9d8c43449c21ab69e3fe95aa178653c4322d364,547745
1,netlify_app,netlify.app,LinkedIn,linkedin.com,https://auth-portal.netlify.app/identity/verify,same_platform_origin,True,3,netlify_app_linkedin_0264.html,69238a45a09ea0adb7076f866ffdf5fec362361f9b1a6f28285f04b08ff51150,11536
1,github_io,github.io,Facebook,facebook.com,https://verify-account.github.io/sso/login,same_platform_origin,True,4,github_io_facebook_0265.html,4f476463ac9f71557cf532e9ed093ce2de384d77bbbbb409a99279e692bc902f,12311
1,pages_dev,pages.dev,Twitter,twitter.com,https://login-verify.pages.dev/signin,same_platform_origin,True,3,pages_dev_twitter_0266.html,f2103fa26cd2e84c656efac1ce0135db27ae0d8db8b643458466661520afb1bd,11064
1,github_io,github.io,Amazon,amazon.com,https://secure-auth.github.io/sso/login,same_platform_origin,True,1,github_io_amazon_0267.html,d19809f8de964c94ea50afbe6d1ab9c7e1dc638d64241198f28e369d5e2f05b6,547582
1,firebase_app,firebaseapp.com,Facebook,facebook.com,https://secure-login.firebaseapp.com/auth,same_platform_origin,True,3,firebase_app_facebook_0268.html,ae19b9701e5321e023a139aa613722abd806de909a1279f2586073676438788b,12243
1,vercel_app,vercel.app,Twitter,twitter.com,https://auth-portal.vercel.app/account/signin,same_platform_origin,True,2,vercel_app_twitter_0269.html,5577005b476ef9f855a18c6a4a138cf8d3ea2ca11c7ebb2b2ac59a79b0f7c29e,11000
1,firebase_app,firebaseapp.com,Amazon,amazon.com,https://verify-account.firebaseapp.com/identity/verify,same_platform_origin,True,2,firebase_app_amazon_0270.html,661045e67a4432520b50f0ae3def9d098d55954128fabfb2d3b00762756c3869,547678
1,vercel_app,vercel.app,Twitter,twitter.com,https://verify-account.vercel.app/oauth/authorize,same_platform_origin,True,1,vercel_app_twitter_0271.html,92f633ee67381f87f406f9563dec15538fd5cec870da10f192db9562b8c7864a,10965
1,vercel_app,vercel.app,Amazon,amazon.com,https://security-check.vercel.app/auth,same_platform_origin,True,3,vercel_app_amazon_0272.html,eaf9f1baaf871e72bb6ec3cbddd37e07b26da30b9c1aff1d7e0fc22846714818,547692
1,netlify_app,netlify.app,LinkedIn,linkedin.com,https://account-confirm.netlify.app/session/new,same_platform_origin,True,2,netlify_app_linkedin_0273.html,106e5bb9204f77b80cc9848535e8af1880adddd6d65cde1be7fce39b5708a5e1,11461
1,vercel_app,vercel.app,Facebook,facebook.com,https://verify-account.vercel.app/account/signin,same_platform_origin,True,4,vercel_app_facebook_0274.html,a59c4261295972cea2d5569d7351863633a02a4acee25de04c1fc966bc5a095e,12328
1,netlify_app,netlify.app,LinkedIn,linkedin.com,https://identity-check.netlify.app/account/signin,same_platform_origin,True,4,netlify_app_linkedin_0275.html,29985e251400d8f1ab85ebe9e990617299d883c31a523a23c75a69ef9538c6ef,11612
1,github_io,github.io,Facebook,facebook.com,https://account-verify.github.io/verify,same_platform_origin,True,1,github_io_facebook_0276.html,739b57af1e573c0760d8381d5ca9dc101e9a53b4bcfb3b23644ff8d8fb2c21d1,12107
1,vercel_app,vercel.app,Twitter,twitter.com,https://secure-login.vercel.app/verify,same_platform_origin,True,1,vercel_app_twitter_0277.html,41c2100688f16b22c157c16053b9e33382e24b533158bf403a442e20c39be60c,10940
1,netlify_app,netlify.app,Amazon,amazon.com,https://auth-portal.netlify.app/auth,same_platform_origin,True,4,netlify_app_amazon_0278.html,7033e1f718294addbfa24dde504f48525e364fe43063e6bcf813414b05182a27,547777
1,pages_dev,pages.dev,Twitter,twitter.com,https://secure-auth.pages.dev/auth,same_platform_origin,True,3,pages_dev_twitter_0279.html,5eccedde49a328ef46f6865a1d6051c21fef02b134a50a90b12b0d03992f2325,11050
1,firebase_app,firebaseapp.com,LinkedIn,linkedin.com,https://login-verify.firebaseapp.com/auth,same_platform_origin,True,2,firebase_app_linkedin_0280.html,560e9e72fb323de0edc77e5ade01b83643cdfd559adca1494b1166c0b9769764,11448
1,pages_dev,pages.dev,Facebook,facebook.com,https://account-verify.pages.dev/identity/verify,same_platform_origin,True,4,pages_dev_facebook_0281.html,2e196c3bd59db8919bde7674c8430aba66f0549a8deb6711c9cacbb4e7370c5e,12306
1,vercel_app,vercel.app,LinkedIn,linkedin.com,https://verify-account.vercel.app/verify,same_platform_origin,True,4,vercel_app_linkedin_0282.html,d412bc1a59049df8058112d52ede7204d85b72d50c01a5573ca09efd49b934c4,11594
1,firebase_app,firebaseapp.com,Twitter,twitter.com,https://identity-check.firebaseapp.com/login,same_platform_origin,True,4,firebase_app_twitter_0283.html,04740cf170e2d34c334be5172aeb5516a2f99a1770f080f14b5260d974f32ffd,11153
1,netlify_app,netlify.app,LinkedIn,linkedin.com,https://verify-account.netlify.app/auth,same_platform_origin,True,2,netlify_app_linkedin_0284.html,90368faeb6e6cf653ea6af0483c8b702a1299f23472d6e97b5290aabb43d4cd0,11461
1,firebase_app,firebaseapp.com,Twitter,twitter.com,https://identity-check.firebaseapp.com/account/signin,same_platform_origin,True,3,firebase_app_twitter_0285.html,4ba816c760e7b4a0953334ef430d6a111ab910a67b1b48638c308009d63354ce,11095
1,vercel_app,vercel.app,Facebook,facebook.com,https://secure-login.vercel.app/sso/login,same_platform_origin,True,2,vercel_app_facebook_0286.html,4d319240dfeaced70cf6a19192e1764a568205bbe42d0d6f57ad9dba5c3d1ae8,12180
1,netlify_app,netlify.app,LinkedIn,linkedin.com,https://auth-verify.netlify.app/auth,same_platform_origin,True,4,netlify_app_linkedin_0287.html,2f2523456a4e9e56b34b910bb9870c4eba9a8aad5d55d89c709979e861333285,11594
1,pages_dev,pages.dev,Amazon,amazon.com,https://secure-login.pages.dev/identity/verify,same_platform_origin,True,2,pages_dev_amazon_0288.html,888db869453b9aea640a30ccaeaaae90a97abb2c16c2c4f1bfc7765ef33f97d6,547645
1,firebase_app,firebaseapp.com,LinkedIn,linkedin.com,https://auth-verify.firebaseapp.com/verify,same_platform_origin,True,2,firebase_app_linkedin_0289.html,48950024be93aad799343ae22f4ec47020aad8c15fc5d54c9f6bac9bf9bd6a37,11488
1,firebase_app,firebaseapp.com,Facebook,facebook.com,https://login-portal.firebaseapp.com/account/signin,same_platform_origin,True,2,firebase_app_facebook_0290.html,a6759b6b292f00fc580c304bd5bb63dccaad3a663bfdef01cea69c7f6e5ea6c6,12204
1,github_io,github.io,Twitter,twitter.com,https://login-verify.github.io/auth,same_platform_origin,True,1,github_io_twitter_0291.html,6c3e0a982f0d7c3696224a62c3b57480681c934f681746d7efb48f5d0c0b5cf7,10929
1,firebase_app,firebaseapp.com,Amazon,amazon.com,https://identity-check.firebaseapp.com/identity/verify,same_platform_origin,True,4,firebase_app_amazon_0292.html,1ae79012daef15b9ec72b86ba8d5f2907c3c08a9e47fa03f74dd2436466b390f,547842
1,github_io,github.io,Facebook,facebook.com,https://security-check.github.io/account/signin,same_platform_origin,True,4,github_io_facebook_0293.html,5346ff3a59bb99648e01dbf72a08636bb3d15a14934abb1853e5168eb4aef1f3,12325
1,github_io,github.io,Amazon,amazon.com,https://account-verify.github.io/account/signin,same_platform_origin,True,1,github_io_amazon_0294.html,fb04eeb69c4567a119c40238ec996ddc989734a68c07952313c41d03de2d8ba2,547603
1,vercel_app,vercel.app,Facebook,facebook.com,https://account-verify.vercel.app/identity/verify,same_platform_origin,True,2,vercel_app_facebook_0295.html,48277fe068b92a23ac4cecb7630335a1094f8e665223d0617aced2920b509471,12185
1,netlify_app,netlify.app,Amazon,amazon.com,https://secure-login.netlify.app/oauth/authorize,same_platform_origin,True,2,netlify_app_amazon_0296.html,0714c9382276ed495a14ae3cec173a68b188492f00f2a0c92558da6abefead5f,547649
1,netlify_app,netlify.app,Amazon,amazon.com,https://login-verify.netlify.app/sso/login,same_platform_origin,True,3,netlify_app_amazon_0297.html,a11178c7136772d4abfa5d579a7e335d97d0ecb8d6de5ab5028dcab21677b52f,547733
1,netlify_app,netlify.app,LinkedIn,linkedin.com,https://auth-verify.netlify.app/sso/login,same_platform_origin,True,1,netlify_app_linkedin_0298.html,4b81c61bb82a790fbe47bb9b3725ae53838e447919fa9c4a2c4a821fc6dd0c0d,11391
1,github_io,github.io,Twitter,twitter.com,https://sso-portal.github.io/sso/login,same_platform_origin,True,4,github_io_twitter_0299.html,0fec3c85314f5b2393822fabc719faff1cc087b606e63496178efa6dd1d684ea,11154
1,pages_dev,pages.dev,Facebook,facebook.com,https://sso-portal.pages.dev/signin,same_platform_origin,True,3,pages_dev_facebook_0300.html,67c2e00be029458e260d359f1eb881071b7769ce63f67f3aacc5663e6770c2e1,12242
1,pages_dev,pages.dev,Twitter,twitter.com,https://auth-portal.pages.dev/identity/verify,same_platform_origin,True,1,pages_dev_twitter_0301.html,da9f0b3f50d02ae7b491f43c0e5a455fc0dca8275908bce7a1b369640ed83ba5,10947
1,github_io,github.io,Facebook,facebook.com,https://login-portal.github.io/account/signin,same_platform_origin,True,4,github_io_facebook_0302.html,d28d88802eefa1210ff3261696f2776c1bbdfe432e753af8ac11871671935e6a,12310
1,vercel_app,vercel.app,LinkedIn,linkedin.com,https://secure-login.vercel.app/identity/verify,same_platform_origin,True,1,vercel_app_linkedin_0303.html,caa8de56e4bda4ed623abbabb46197653a007e8638d6d16dd028b434a57576f8,11393
1,vercel_app,vercel.app,Amazon,amazon.com,https://security-check.vercel.app/oauth/authorize,same_platform_origin,True,3,vercel_app_amazon_0304.html,e5f74682cfc09fd3955a4e908ef3ce7718244c2b1cfd3dc094f12fe91be31851,547743
1,firebase_app,firebaseapp.com,LinkedIn,linkedin.com,https://account-confirm.firebaseapp.com/oauth/authorize,same_platform_origin,True,2,firebase_app_linkedin_0305.html,17f2ed73e5d69af11bf7e2fd602a8d288123db51708446a6bd84e1cd44ff1333,11478
1,github_io,github.io,Twitter,twitter.com,https://account-verify.github.io/login,same_platform_origin,True,4,github_io_twitter_0306.html,43f21e4beca0850f814196e2858d494fa2f3f110229a93092e2ba4ddab1bccad,11124
1,github_io,github.io,Amazon,amazon.com,https://login-portal.github.io/account/signin,same_platform_origin,True,3,github_io_amazon_0307.html,530191f6b575c6631178b368a9ad75c9b76cb67fca276f4d7d5d9d83030348be,547746
1,github_io,github.io,LinkedIn,linkedin.com,https://secure-auth.github.io/account/signin,same_platform_origin,True,4,github_io_linkedin_0308.html,369d9105904f7f04a37a712d36deaf3159fb5d139706c7c55bc02036d03a0423,11598
1,netlify_app,netlify.app,Amazon,amazon.com,https://verify-account.netlify.app/oauth/authorize,same_platform_origin,True,3,netlify_app_amazon_0309.html,351f5332d5611cbc00264aba62b02c0ee440c77e6d7473faf8aa2043484df57a,547728
1,vercel_app,vercel.app,LinkedIn,linkedin.com,https://secure-login.vercel.app/session/new,same_platform_origin,True,2,vercel_app_linkedin_0310.html,098150a5faaf84d3791e7399f6a1125d8d533adc38e998118db2b583883b0677,11464
1,github_io,github.io,Twitter,twitter.com,https://account-confirm.github.io/login,same_platform_origin,True,1,github_io_twitter_0311.html,d2db664bfb56a890d1364824b1cac714fce9215a09da31f104e4aa67a821621b,10937
1,github_io,github.io,LinkedIn,linkedin.com,https://auth-verify.github.io/login,same_platform_origin,True,2,github_io_linkedin_0312.html,8dc22f3fc5edbae081ef5a04efd6f335a83e45b31c796bc563e52d0f36ae1cc2,11435
1,github_io,github.io,Facebook,facebook.com,https://security-check.github.io/sso/login,same_platform_origin,True,4,github_io_facebook_0313.html,974a024a05ce5bf9543c0af14dff39e05bfc4f54262765fe7f249caca4071ce4,12331
1,vercel_app,vercel.app,Amazon,amazon.com,https://auth-portal.vercel.app/identity/verify,same_platform_origin,True,2,vercel_app_amazon_0314.html,d05d5af3e86a6ac73d0c5978e1a405c73f7664dfcccc372500709ea59bbe1467,547658
1,netlify_app,netlify.app,Facebook,facebook.com,https://login-verify.netlify.app/login,same_platform_origin,True,4,netlify_app_facebook_0315.html,19f9e4194abd8c4d64e65293b7f95245370f94be7ca282e5c2955bf938d15c7b,12309
1,netlify_app,netlify.app,Facebook,facebook.com,https://secure-auth.netlify.app/login,same_platform_origin,True,4,netlify_app_facebook_0316.html,c6f5cff54ef29f3d4936dcf9f02dc58db21798b9eaf1919c55b0fa4ad4a54e83,12264
1,pages_dev,pages.dev,Facebook,facebook.com,https://secure-login.pages.dev/oauth/authorize,same_platform_origin,True,3,pages_dev_facebook_0317.html,91a5ef8a4d31146e8a0b08bdbc903190f4a41a9bf16f1107c7232d7aa17d42d8,12266
1,github_io,github.io,Facebook,facebook.com,https://secure-auth.github.io/sso/login,same_platform_origin,True,1,github_io_facebook_0318.html,c20cbd0b15ea5b379cce785f0dbcba259440b8f82348b03110d82431d1368aaf,12107
1,github_io,github.io,Amazon,amazon.com,https://login-portal.github.io/oauth/authorize,same_platform_origin,True,2,github_io_amazon_0319.html,8acf2ead9c0a0d8d6a43845688b9ac22a408a3bf91bc96ca6f1bc7267f5a3cd0,547664
1,pages_dev,pages.dev,LinkedIn,linkedin.com,https://identity-check.pages.dev/identity/verify,same_platform_origin,True,1,pages_dev_linkedin_0320.html,4546aeff8989b417a8b7bff20e504d535dec3b756bfd9f24afa370bfc8f12b42,11394
1,firebase_app,firebaseapp.com,Twitter,twitter.com,https://auth-verify.firebaseapp.com/login,same_platform_origin,True,3,firebase_app_twitter_0321.html,c5b159f43a698178508bc8c5a34c0f35b821e3ca16956bad2362da96ac7bdda1,11109
1,firebase_app,firebaseapp.com,Amazon,amazon.com,https://verify-account.firebaseapp.com/account/signin,same_platform_origin,True,4,firebase_app_amazon_0322.html,e48b0761e8dc19461152ff071c77e6a5d00bfe8e3da999d1fece8cfbc218650e,547820
1,firebase_app,firebaseapp.com,Amazon,amazon.com,https://login-portal.firebaseapp.com/account/signin,same_platform_origin,True,3,firebase_app_amazon_0323.html,50d0ccc036ea471e25a8322012c4b99f6133a703b575ac5dadb870bf2c1e5183,547762
1,github_io,github.io,Amazon,amazon.com,https://account-verify.github.io/oauth/authorize,same_platform_origin,True,1,github_io_amazon_0324.html,a4a7320374813b16087647c11404b64a838960ea2f1b678f0f84cf49b32cf5bf,547611
1,github_io,github.io,Amazon,amazon.com,https://auth-verify.github.io/signin,same_platform_origin,True,3,github_io_amazon_0325.html,5f309c5c7e27a5c6a7a014bba24ecbb89bf6f51cc420dc153179b03c88963c40,547704
1,netlify_app,netlify.app,LinkedIn,linkedin.com,https://identity-check.netlify.app/identity/verify,same_platform_origin,True,2,netlify_app_linkedin_0326.html,c633ca63012f4d8a3a569503a728fdc64378e50b31285dd52d4e557366fb5510,11450
1,vercel_app,vercel.app,Facebook,facebook.com,https://secure-login.vercel.app/sso/login,same_platform_origin,True,4,vercel_app_facebook_0327.html,c8e3b40996a13fecc5e700319e045ccc5d57ab4302c67e008298e2665e5574c1,12322
1,vercel_app,vercel.app,Facebook,facebook.com,https://login-portal.vercel.app/oauth/authorize,same_platform_origin,True,1,vercel_app_facebook_0328.html,9ceaeb2a55b88154a4799f06f37ab7c46c63075cf5595014fcd55f0bee7e1a47,12116
1,pages_dev,pages.dev,Amazon,amazon.com,https://sso-portal.pages.dev/sso/login,same_platform_origin,True,3,pages_dev_amazon_0329.html,3a67dc597e3794ea55da9099627f6c0f2353d4568644127874e4919d3bbee7ae,547729
1,vercel_app,vercel.app,LinkedIn,linkedin.com,https://account-verify.vercel.app/sso/login,same_platform_origin,True,3,vercel_app_linkedin_0330.html,79651d4241cfc0da3ef5966098f298ef5bf09aeb360963e9cd8db2d062cecc5d,11504
1,github_io,github.io,LinkedIn,linkedin.com,https://account-verify.github.io/auth,same_platform_origin,True,2,github_io_linkedin_0331.html,c64af20e657bae32006a78709cc8c59c1158d73c362df6353300cdac1741595e,11443
1,pages_dev,pages.dev,Amazon,amazon.com,https://secure-login.pages.dev/sso/login,same_platform_origin,True,3,pages_dev_amazon_0332.html,54e60c0a21dd827d77b4efdbcf73c2fa75de80a23bf87494b994bff63eeb50ed,547716
1,github_io,github.io,LinkedIn,linkedin.com,https://secure-auth.github.io/signin,same_platform_origin,True,2,github_io_linkedin_0333.html,6ecf5f0063633f250d6f01bcf77474f9346d6df44b1cb25bd12280442941864f,11458
1,firebase_app,firebaseapp.com,LinkedIn,linkedin.com,https://sso-portal.firebaseapp.com/identity/verify,same_platform_origin,True,2,firebase_app_linkedin_0334.html,e9067236dd3a6215ecd3af8480151533e9e4caa1f8652664d8202c5b055e239d,11484
1,github_io,github.io,LinkedIn,linkedin.com,https://secure-login.github.io/identity/verify,same_platform_origin,True,4,github_io_linkedin_0335.html,a0d2ff35282be594e2e228d27dcf012530cc384d2d3f491aa42c4e0302404dfd,11599
1,firebase_app,firebaseapp.com,Twitter,twitter.com,https://account-confirm.firebaseapp.com/auth,same_platform_origin,True,4,firebase_app_twitter_0336.html,c38bd9ba9d54a21b880f766b12f6476d4a8dae5185160e65b0cdc2589fed49ac,11153
1,github_io,github.io,Amazon,amazon.com,https://secure-login.github.io/account/signin,same_platform_origin,True,2,github_io_amazon_0337.html,e48eb0c64a931731c37bb3e16116e34df09d53538db7b990bea0409a9c6854eb,547683
1,vercel_app,vercel.app,Twitter,twitter.com,https://login-verify.vercel.app/auth,same_platform_origin,True,1,vercel_app_twitter_0338.html,785474de9741d50de8ecec12d5e1e4a508785491db14b3246da155852eadd285,10952
1,pages_dev,pages.dev,LinkedIn,linkedin.com,https://secure-login.pages.dev/session/new,same_platform_origin,True,4,pages_dev_linkedin_0339.html,fd9a9677c86eaea8ac7b1203c8a8f47b95c6d2a62cb36732dd572ecdae906ab9,11576
1,netlify_app,netlify.app,Twitter,twitter.com,https://auth-verify.netlify.app/auth,same_platform_origin,True,2,netlify_app_twitter_0340.html,4d9ef195466eef966bd8b4cfa431cd289a4637c957ad1a2bac63e55230e46565,11014
1,github_io,github.io,Facebook,facebook.com,https://secure-login.github.io/signin,same_platform_origin,True,2,github_io_facebook_0341.html,f3ada8bd142a38191200dad42e54f6fee6fd3a5ff4700dbfdbf6e42160bd4987,12162
1,github_io,github.io,Facebook,facebook.com,https://auth-verify.github.io/sso/login,same_platform_origin,True,4,github_io_facebook_0342.html,cdeffaa90d252010ff87d9cf7cc742e4b0564d7f3f4c6eccb54c5be063f3d94b,12277
1,vercel_app,vercel.app,Facebook,facebook.com,https://sso-portal.vercel.app/login,same_platform_origin,True,4,vercel_app_facebook_0343.html,0344ba22376efa1fd933e2a670e13c4b4223030c584461f12bd0f7551435a510,12284
1,pages_dev,pages.dev,LinkedIn,linkedin.com,https://account-verify.pages.dev/oauth/authorize,same_platform_origin,True,2,pages_dev_linkedin_0344.html,ec36a331390135409ad15f7d8cba84d3dd3fdb7d93c29a85dadc784c3a3632f0,11462
1,netlify_app,netlify.app,Amazon,amazon.com,https://sso-portal.netlify.app/session/new,same_platform_origin,True,4,netlify_app_amazon_0345.html,5d5dc6d2620abb38475ef1a61f9c0603591c234f0b10e48f76b9197f64e7839a,547783
1,netlify_app,netlify.app,Amazon,amazon.com,https://account-confirm.netlify.app/oauth/authorize,same_platform_origin,True,4,netlify_app_amazon_0346.html,d6059a13e6768cd5b11234993acf80b4551ffc0e53198044ca46735827987e05,547787
1,pages_dev,pages.dev,LinkedIn,linkedin.com,https://security-check.pages.dev/sso/login,same_platform_origin,True,3,pages_dev_linkedin_0347.html,4597af007c6df6090887c23ffd906e07b5f1d67c42bfebe4442020289431e8d6,11539
1,github_io,github.io,Amazon,amazon.com,https://security-check.github.io/sso/login,same_platform_origin,True,4,github_io_amazon_0348.html,2db19ba480bfe58b88e0d355f1c00c90846c3230d51edc74ee2f1f98ee8df0fb,547779
1,github_io,github.io,Facebook,facebook.com,https://sso-portal.github.io/verify,same_platform_origin,True,2,github_io_facebook_0349.html,b13daff80f7a2e0170a33533539505c7bc6b9d94591dc6734e7541a06ec6411f,12164
1,pages_dev,pages.dev,Facebook,facebook.com,https://secure-login.pages.dev/verify,same_platform_origin,True,3,pages_dev_facebook_0350.html,8562a07e34984f6a6e4c3415f57b8c1dc0c37eb703c98143f04f32853cdc2a33,12228
1,firebase_app,firebaseapp.com,Twitter,twitter.com,https://auth-portal.firebaseapp.com/oauth/authorize,same_platform_origin,True,3,firebase_app_twitter_0351.html,34da916aa6ad82fa5a9ca45362a3503c318a505097bda2626c4336b9fbc944a8,11080
1,github_io,github.io,Amazon,amazon.com,https://auth-portal.github.io/auth,same_platform_origin,True,3,github_io_amazon_0352.html,2d026beb8ba5131c859284cb1ab2b04dc5a5e38ab1179ed042cae4e7f5c96873,547715
1,firebase_app,firebaseapp.com,Amazon,amazon.com,https://sso-portal.firebaseapp.com/login,same_platform_origin,True,3,firebase_app_amazon_0353.html,5aaf762322f568905539cbe287f119cd93d648fbe9c63e1b8a0b42d42247ef39,547730
1,firebase_app,firebaseapp.com,Amazon,amazon.com,https://login-verify.firebaseapp.com/auth,same_platform_origin,True,2,firebase_app_amazon_0354.html,6db83011e629971bfeb0092b473df3e7f10c3122704fa0aea70d50d7fd73eff8,547686
1,vercel_app,vercel.app,LinkedIn,linkedin.com,https://security-check.vercel.app/account/signin,same_platform_origin,True,4,vercel_app_linkedin_0355.html,ba16044782aa65281fc7a985220d9fb20b1fed5eee410133bce673384057dd8f,11601
1,vercel_app,vercel.app,LinkedIn,linkedin.com,https://auth-verify.vercel.app/identity/verify,same_platform_origin,True,4,vercel_app_linkedin_0356.html,7f6e913e13d93898049fec48640f9cbf07217fc408a46ad6caf467601444582d,11582
1,pages_dev,pages.dev,Amazon,amazon.com,https://login-portal.pages.dev/oauth/authorize,same_platform_origin,True,1,pages_dev_amazon_0357.html,7e4abd98a8f27c37ee04f4c136a5a7c6e0ce87c015d29b3547d260ea935dee17,547587
1,github_io,github.io,Twitter,twitter.com,https://secure-login.github.io/session/new,same_platform_origin,True,4,github_io_twitter_0358.html,16aa79dae03bc432eeb940cc516ea7dda1848f036cab9d418f614fdc45699384,11147
1,vercel_app,vercel.app,Twitter,twitter.com,https://secure-login.vercel.app/login,same_platform_origin,True,3,vercel_app_twitter_0359.html,c0effdb180afe8756e2495687fd09c28e0383ba27b5e0ba471274c3ecc875327,11062
1,github_io,github.io,Twitter,twitter.com,https://security-check.github.io/login,same_platform_origin,True,2,github_io_twitter_0360.html,bac7b32357eaff39e4d4496c3c6325711cd96ae0602a04530f0f10a244a66b9a,10991
1,vercel_app,vercel.app,LinkedIn,linkedin.com,https://sso-portal.vercel.app/signin,same_platform_origin,True,1,vercel_app_linkedin_0361.html,674b30ba9446ded1e837e78bb6ad2072fea271e2a90dd909fd292886622019b4,11402
1,netlify_app,netlify.app,Twitter,twitter.com,https://identity-check.netlify.app/auth,same_platform_origin,True,1,netlify_app_twitter_0362.html,0d69241849f417257dda204f725fba020fd3577a8d7fbf321f59dd26c4894bd6,10956
1,pages_dev,pages.dev,LinkedIn,linkedin.com,https://sso-portal.pages.dev/verify,same_platform_origin,True,1,pages_dev_linkedin_0363.html,89d56a0bbd9b4a94ac975c96addfc10d731277e845075c96dcd1d09e8484a34a,11379
1,firebase_app,firebaseapp.com,Amazon,amazon.com,https://auth-portal.firebaseapp.com/oauth/authorize,same_platform_origin,True,1,firebase_app_amazon_0364.html,e8c2441fb157a1c5c66e7710bf8a51a831477161fa354ba7c8c85e5a0865860d,547593
1,vercel_app,vercel.app,Amazon,amazon.com,https://auth-verify.vercel.app/auth,same_platform_origin,True,4,vercel_app_amazon_0365.html,05af3c4db92841dc722d30907f20e1a354fce5424374a1a97358ced7c0c11424,547801
1,netlify_app,netlify.app,Facebook,facebook.com,https://login-portal.netlify.app/session/new,same_platform_origin,True,1,netlify_app_facebook_0366.html,c5519d371f34b4692ffe66989f7c2a9cf8e272ef1223d0954b9b0389748df002,12093
1,firebase_app,firebaseapp.com,Amazon,amazon.com,https://security-check.firebaseapp.com/oauth/authorize,same_platform_origin,True,2,firebase_app_amazon_0367.html,fa7da8f1bdae4dfed09b6ca42a30ea42e9b3168677578320b35bde3fa7a4e5ce,547666
1,netlify_app,netlify.app,LinkedIn,linkedin.com,https://login-verify.netlify.app/login,same_platform_origin,True,1,netlify_app_linkedin_0368.html,5fb7230aa9a5a116b8a189cb4e98123c9bbf10ae9a049849377332020d27a3b8,11382
1,firebase_app,firebaseapp.com,LinkedIn,linkedin.com,https://secure-auth.firebaseapp.com/verify,same_platform_origin,True,4,firebase_app_linkedin_0369.html,b938428bdeb365a5017de2f8e377de1a9d7db43e84ea3fc25edbed11bd42f22c,11599
1,netlify_app,netlify.app,Facebook,facebook.com,https://account-confirm.netlify.app/account/signin,same_platform_origin,True,2,netlify_app_facebook_0370.html,243567b9e94158f1b97d1df71911c793ab634d940783604569dea1aacf287659,12175
1,github_io,github.io,LinkedIn,linkedin.com,https://verify-account.github.io/session/new,same_platform_origin,True,3,github_io_linkedin_0371.html,503d9e88745db63755b18982ee69ad64c500d6073893c2ec2e167fe985b8d31e,11520
1,github_io,github.io,Facebook,facebook.com,https://account-confirm.github.io/identity/verify,same_platform_origin,True,2,github_io_facebook_0372.html,90cfa1f423d9454e61de5d078ca1c890495eb60674ac41a9fb862e2b1f029a55,12176
1,netlify_app,netlify.app,Facebook,facebook.com,https://login-portal.netlify.app/verify,same_platform_origin,True,4,netlify_app_facebook_0373.html,f30068142d9b24a8f6c092a6c8ba58944613ffa5c12279e6acd13f8899e29ab7,12308
1,pages_dev,pages.dev,LinkedIn,linkedin.com,https://secure-auth.pages.dev/verify,same_platform_origin,True,4,pages_dev_linkedin_0374.html,fb5d86247a116c77197560031df2817538bbc28e312bca413064d478b53a8a50,11571
1,firebase_app,firebaseapp.com,Facebook,facebook.com,https://security-check.firebaseapp.com/account/signin,same_platform_origin,True,4,firebase_app_facebook_0375.html,12e6ed976c5d6ef0019a63c93f2064ecf80a95789b1d115e574265a600eba632,12317
1,firebase_app,firebaseapp.com,Amazon,amazon.com,https://sso-portal.firebaseapp.com/login,same_platform_origin,True,1,firebase_app_amazon_0376.html,131eda334994788b2b723853087b9e631034a540e6e8913daba1a731b953c6c0,547581
1,firebase_app,firebaseapp.com,Amazon,amazon.com,https://auth-portal.firebaseapp.com/auth,same_platform_origin,True,2,firebase_app_amazon_0377.html,7e95855c256e7234c63d73d58bc51d62751dd1f7b946d7e68aeee43ffc4a6bae,547670
1,netlify_app,netlify.app,Amazon,amazon.com,https://identity-check.netlify.app/verify,same_platform_origin,True,3,netlify_app_amazon_0378.html,6ae60ed768bde8bb3a27d00fa349a9e0bc3c6fb69c18af2f1259e2cc0226a39f,547705
1,pages_dev,pages.dev,LinkedIn,linkedin.com,https://auth-portal.pages.dev/auth,same_platform_origin,True,4,pages_dev_linkedin_0379.html,a31ac90841c16ef00c1533ff3b6e39cd9beb2847685bec87f06d014dbf8567a4,11577
1,github_io,github.io,Facebook,facebook.com,https://auth-verify.github.io/login,same_platform_origin,True,2,github_io_facebook_0380.html,5e4332200afe1c0cc8ce41f2c124b3971a7566a5c6190181a2d57112c884446a,12162
1,netlify_app,netlify.app,Twitter,twitter.com,https://verify-account.netlify.app/verify,same_platform_origin,True,4,netlify_app_twitter_0381.html,27cd1dcb1b992314675c9f4f2f309cbedefd6a1b4ffddda9aa2bc5a18ed81070,11150
1,netlify_app,netlify.app,Amazon,amazon.com,https://security-check.netlify.app/signin,same_platform_origin,True,4,netlify_app_amazon_0382.html,1ac86aedbfa46c97e24dc490932d899b8ee680e22c6ccfc6794e13658159817a,547803
1,vercel_app,vercel.app,Facebook,facebook.com,https://sso-portal.vercel.app/login,same_platform_origin,True,4,vercel_app_facebook_0383.html,21f7cd7baf5ba8533ad6afe2c813268b51dd4fd0ec62c448bc8c262c88b90d8a,12294
1,github_io,github.io,Facebook,facebook.com,https://secure-auth.github.io/account/signin,same_platform_origin,True,1,github_io_facebook_0384.html,9cd0247d6c603eeef2856dcc0648c362b961a525021410e269fe980dd2778481,12110
1,vercel_app,vercel.app,Facebook,facebook.com,https://auth-portal.vercel.app/oauth/authorize,same_platform_origin,True,4,vercel_app_facebook_0385.html,e6fcd9c4c65014cd8b2398391b445bc02a639b13571cb7a77ce749023b142490,12310
1,netlify_app,netlify.app,Facebook,facebook.com,https://account-verify.netlify.app/auth,same_platform_origin,True,2,netlify_app_facebook_0386.html,9fa33c795d5d7bd88f6db1a5b9a62751e4af6bdf492531dbb3fd90dd70e15a82,12167
1,firebase_app,firebaseapp.com,Amazon,amazon.com,https://identity-check.firebaseapp.com/session/new,same_platform_origin,True,4,firebase_app_amazon_0387.html,7efef4766ae13b1000355e85ecf5bfba08c1643dde77cc8eae40be59396b99d2,547794
1,netlify_app,netlify.app,LinkedIn,linkedin.com,https://auth-verify.netlify.app/identity/verify,same_platform_origin,True,1,netlify_app_linkedin_0388.html,1d66f756c5f597d61475ec3ece338bebe61b71996ec930cf51850e5d8a1faac4,11414
1,netlify_app,netlify.app,LinkedIn,linkedin.com,https://secure-auth.netlify.app/oauth/authorize,same_platform_origin,True,4,netlify_app_linkedin_0389.html,1647d56b5aeb9172459eb221f6298f4cf93471ed9bc652218ea0888a4b8a519b,11599
1,netlify_app,netlify.app,Facebook,facebook.com,https://auth-verify.netlify.app/sso/login,same_platform_origin,True,4,netlify_app_facebook_0390.html,8131dc07f91163c4e524fd0b00bd3e2721638bab85bcc0c6770aec6a1f8e9954,12301
1,github_io,github.io,Facebook,facebook.com,https://login-portal.github.io/login,same_platform_origin,True,4,github_io_facebook_0391.html,7248e0100af6a556649b513dd66171110c5e205d791f6b7d0c9353750728e543,12294
1,vercel_app,vercel.app,Amazon,amazon.com,https://account-confirm.vercel.app/auth,same_platform_origin,True,4,vercel_app_amazon_0392.html,29d28f4c595c01a070ed52a4a43149fd3092341a21903643eaaa2f748231cfe0,547752
1,netlify_app,netlify.app,Amazon,amazon.com,https://identity-check.netlify.app/session/new,same_platform_origin,True,3,netlify_app_amazon_0393.html,e046e64190a8a0123005ebd7cfb3e95c4adad18f2f28d59f5fbc26a62f6c507f,547722
1,pages_dev,pages.dev,Amazon,amazon.com,https://login-verify.pages.dev/auth,same_platform_origin,True,3,pages_dev_amazon_0394.html,dffe9a2de82afe3c4c9aa628f7fbd3a2dff6c7cf3a2fa775f3827a7bf36f86ce,547715
1,github_io,github.io,Amazon,amazon.com,https://auth-portal.github.io/oauth/authorize,same_platform_origin,True,2,github_io_amazon_0395.html,37f64242c0cdbb5af5e132b4c4b9fba4752a3c7391f1c5e3cc7d00635f98c9dd,547644
1,netlify_app,netlify.app,Amazon,amazon.com,https://login-verify.netlify.app/signin,same_platform_origin,True,1,netlify_app_amazon_0396.html,0098551827917b48c7421a3e2251c6b468f3e9c064b994343ee85e8a3547194e,547605
1,netlify_app,netlify.app,Twitter,twitter.com,https://account-confirm.netlify.app/login,same_platform_origin,True,3,netlify_app_twitter_0397.html,f56bffad9cde01d6642a747823fb4712cb296d075a8b508a8d4cfed237fff45b,11091
1,vercel_app,vercel.app,LinkedIn,linkedin.com,https://identity-check.vercel.app/verify,same_platform_origin,True,1,vercel_app_linkedin_0398.html,54122ac9eda9c5167b59ab44f51c7dd35f1400e587a36c99bbfb0dec41e6ccc8,11383
1,firebase_app,firebaseapp.com,Facebook,facebook.com,https://secure-auth.firebaseapp.com/login,same_platform_origin,True,2,firebase_app_facebook_0399.html,c5aab3c7953b718ef11942d1a72592e687b7850f23df33b600975b92f2f01021,12173
1,pages_dev,pages.dev,Twitter,twitter.com,https://account-verify.pages.dev/verify,same_platform_origin,True,1,pages_dev_twitter_0400.html,80a8c40c74c8010b6558b10ae187638d439968b7a0596d4f31a416713c2c3410,10934
1,vercel_app,vercel.app,Amazon,amazon.com,https://secure-auth.vercel.app/auth,same_platform_origin,True,2,vercel_app_amazon_0401.html,04dea75bda0e562972c9c61b91166e095ea78c28c5769b4a21c56b6e2fce27be,547637
1,netlify_app,netlify.app,Twitter,twitter.com,https://secure-auth.netlify.app/identity/verify,same_platform_origin,True,1,netlify_app_twitter_0402.html,05203713475dbc85e62a3baa1f7f08735ce98129e7aac70bc2580b7a8ff8fd0b,10956
1,pages_dev,pages.dev,Amazon,amazon.com,https://account-verify.pages.dev/identity/verify,same_platform_origin,True,3,pages_dev_amazon_0403.html,30912cd5614fedb07db4f5cbff47eae1cbe3d49bfdd95a945d13fc9518ed0a91,547737
1,firebase_app,firebaseapp.com,LinkedIn,linkedin.com,https://secure-login.firebaseapp.com/signin,same_platform_origin,True,1,firebase_app_linkedin_0404.html,ec5fedda7e5db841a5cc06b123b2d009908b9651003a20576ae0eeebe81f8dc9,11387
1,netlify_app,netlify.app,Twitter,twitter.com,https://secure-auth.netlify.app/auth,same_platform_origin,True,3,netlify_app_twitter_0405.html,02dd397d38da9f3533b8c0e202a45afc38812413aff5e5af51fed0ded8f68467,11072
1,firebase_app,firebaseapp.com,Facebook,facebook.com,https://login-verify.firebaseapp.com/login,same_platform_origin,True,3,firebase_app_facebook_0406.html,47d9d0ce1864ea4e40be74c287a054868b5b8268a2c0b777b120551c80f24224,12247
1,vercel_app,vercel.app,Twitter,twitter.com,https://security-check.vercel.app/account/signin,same_platform_origin,True,4,vercel_app_twitter_0407.html,39205de76c3f44a640fee770cdba5bfd345d552841df5bedcc860dc3c0b9f78c,11151
1,github_io,github.io,Amazon,amazon.com,https://account-verify.github.io/oauth/authorize,same_platform_origin,True,1,github_io_amazon_0408.html,9403f552024f34e263882cc056349b20da18468e5797b701b29569a26b0b0d94,547593
1,firebase_app,firebaseapp.com,Amazon,amazon.com,https://login-verify.firebaseapp.com/verify,same_platform_origin,True,2,firebase_app_amazon_0409.html,2550f72df64aa001dede434aabfb75ab6d6b6d7a69d02cdf35d632fb7f113932,547695
1,firebase_app,firebaseapp.com,Twitter,twitter.com,https://auth-verify.firebaseapp.com/verify,same_platform_origin,True,2,firebase_app_twitter_0410.html,2b347b073d6c1301cb5582c0626bfa21d14273a81c8a0ff41d952fba587cf920,11025
1,firebase_app,firebaseapp.com,Facebook,facebook.com,https://login-portal.firebaseapp.com/oauth/authorize,same_platform_origin,True,2,firebase_app_facebook_0411.html,7fc8d3135ba85c86701b376c69b5cdc75c18e51fdb8138715a47ae2d27d63ea4,12160
1,netlify_app,netlify.app,Amazon,amazon.com,https://secure-login.netlify.app/sso/login,same_platform_origin,True,4,netlify_app_amazon_0412.html,e6989a29435ca2b42ff809434469cbede71e37218dac421768d1c63d7063d0b9,547809
1,pages_dev,pages.dev,LinkedIn,linkedin.com,https://auth-portal.pages.dev/signin,same_platform_origin,True,3,pages_dev_linkedin_0413.html,648a89daad1b7d9198f17b0af727e4e492b9421f43080dd5a859f504cd0eb0a5,11518
1,github_io,github.io,Facebook,facebook.com,https://identity-check.github.io/auth,same_platform_origin,True,1,github_io_facebook_0414.html,4364f8d8099a1fa63b4fa21f432d9ee52fb62e87e22c7ead6cfe9a4baf799428,12085
1,vercel_app,vercel.app,Facebook,facebook.com,https://secure-auth.vercel.app/signin,same_platform_origin,True,1,vercel_app_facebook_0415.html,61067f2f815fca4d71c34c4b1fe100ec842122a605a6859037ac58cc7d40ad58,12084
1,github_io,github.io,Twitter,twitter.com,https://login-verify.github.io/sso/login,same_platform_origin,True,1,github_io_twitter_0416.html,72c82c1efec863110348b3eb3c37910c211817895e2cb18bf90c0ca1ef9cfbd8,10938
1,vercel_app,vercel.app,Amazon,amazon.com,https://sso-portal.vercel.app/verify,same_platform_origin,True,3,vercel_app_amazon_0417.html,f68fe2774d1261003180030b387cb2eaefa1b48f093f6640404dcbabd2254fd0,547715
1,vercel_app,vercel.app,Twitter,twitter.com,https://login-portal.vercel.app/verify,same_platform_origin,True,3,vercel_app_twitter_0418.html,17df26a5224fd1cdfb07bdeb4489de5cc49f617005b0d1f9cce807d8c78c423b,11085
1,firebase_app,firebaseapp.com,Amazon,amazon.com,https://account-confirm.firebaseapp.com/sso/login,same_platform_origin,True,4,firebase_app_amazon_0419.html,0c84b0870ac764c34afe131b4ec6aa3c04c2efe578af9d41a292e35e0029dcab,547793
1,firebase_app,firebaseapp.com,LinkedIn,linkedin.com,https://login-verify.firebaseapp.com/signin,same_platform_origin,True,1,firebase_app_linkedin_0420.html,298f4c4ac63f74b87817dbd275520b4335a6376d7f58e2bae2d455570e914c24,11404
1,pages_dev,pages.dev,Amazon,amazon.com,https://verify-account.pages.dev/session/new,same_platform_origin,True,2,pages_dev_amazon_0421.html,c617a8f1ea13679d10cb1c5fb66dfbbc2b0109d678dda10e4a2bf60902fd6a2e,547656
1,vercel_app,vercel.app,Facebook,facebook.com,https://login-verify.vercel.app/identity/verify,same_platform_origin,True,4,vercel_app_facebook_0422.html,9fb36780813ba6446b220477ffaa155113bbf20364e31ed3eb06b5a768f9dff9,12287
1,firebase_app,firebaseapp.com,Amazon,amazon.com,https://account-confirm.firebaseapp.com/auth,same_platform_origin,True,3,firebase_app_amazon_0423.html,3b34448bb0f2d7adbd740727cef9add74abccbdab4430767fbfb7658c5d335f4,547723
1,pages_dev,pages.dev,Amazon,amazon.com,https://secure-login.pages.dev/sso/login,same_platform_origin,True,2,pages_dev_amazon_0424.html,36709c47b4efe49f8532edd3ced95365c0b0b95a2521f7b9cb492df1770bb203,547661
1,github_io,github.io,LinkedIn,linkedin.com,https://login-verify.github.io/account/signin,same_platform_origin,True,3,github_io_linkedin_0425.html,bf520248ca16d93ee6ebea69a00bf1757e3178ebc03b72ab148d035d70a88964,11546
1,netlify_app,netlify.app,Twitter,twitter.com,https://login-verify.netlify.app/auth,same_platform_origin,True,2,netlify_app_twitter_0426.html,06acb1526af65d8d4dedb1f20986e3197f8d4adae846ade40684479d7a5f0a02,10990
1,firebase_app,firebaseapp.com,LinkedIn,linkedin.com,https://auth-verify.firebaseapp.com/auth,same_platform_origin,True,4,firebase_app_linkedin_0427.html,9364ea6a8d81d5e034068bfe608a86032546e70f14dbe7b3a6965a49ff921824,11582
1,vercel_app,vercel.app,Facebook,facebook.com,https://secure-login.vercel.app/verify,same_platform_origin,True,4,vercel_app_facebook_0428.html,5d2e6b1ad02d235c5c9649f4da3ee35f8b548e3d7b4b9e983046e80e5ad3a4da,12304
1,vercel_app,vercel.app,Facebook,facebook.com,https://auth-verify.vercel.app/oauth/authorize,same_platform_origin,True,3,vercel_app_facebook_0429.html,94bb92b1407bb488d0e43299610e00ecf807fd362b46bc1d4bad06c5e17f7f7d,12216
1,vercel_app,vercel.app,Twitter,twitter.com,https://secure-auth.vercel.app/signin,same_platform_origin,True,4,vercel_app_twitter_0430.html,315b8c70bef4df868aad827ac6cda4b4b2b1ac3bf828a3dafbdab964b4d196ee,11145
1,firebase_app,firebaseapp.com,LinkedIn,linkedin.com,https://verify-account.firebaseapp.com/account/signin,same_platform_origin,True,4,firebase_app_linkedin_0431.html,6f29d451a580e33b19db62bc80bcec1c95a662cc48c57ce205214d903cb3f133,11591
1,firebase_app,firebaseapp.com,LinkedIn,linkedin.com,https://secure-auth.firebaseapp.com/login,same_platform_origin,True,4,firebase_app_linkedin_0432.html,8cea83edc010915cbab3a6989829834510824ff5776bbd5c0e64a620e85132e2,11586
1,pages_dev,pages.dev,Twitter,twitter.com,https://secure-login.pages.dev/verify,same_platform_origin,True,3,pages_dev_twitter_0433.html,c396ce1ebc0162cc7d996f880a6b8e4760846315f0e2986dcf1a455497755a41,11081
1,firebase_app,firebaseapp.com,LinkedIn,linkedin.com,https://secure-login.firebaseapp.com/signin,same_platform_origin,True,1,firebase_app_linkedin_0434.html,1039ccbb45c1510fd47140fe9dbdcc2b15f70e83dad4132ca5756d9ef0fd0feb,11389
1,firebase_app,firebaseapp.com,Facebook,facebook.com,https://account-verify.firebaseapp.com/auth,same_platform_origin,True,1,firebase_app_facebook_0435.html,c21ef547e19c5d41f068619e63cd161ac0a75c46a4eeeffbd5d8da2058cb69ba,12109
1,firebase_app,firebaseapp.com,Amazon,amazon.com,https://login-verify.firebaseapp.com/identity/verify,same_platform_origin,True,2,firebase_app_amazon_0436.html,efc694c161ed453541c6f87cd03990f88825455c577fb34d4b62f17292ff223b,547692
1,netlify_app,netlify.app,Twitter,twitter.com,https://security-check.netlify.app/signin,same_platform_origin,True,3,netlify_app_twitter_0437.html,5bfda27751ea898c87fc2c0b8477122c52c9ce2a356cab120f4947ad82a7c1f2,11075
1,netlify_app,netlify.app,LinkedIn,linkedin.com,https://auth-verify.netlify.app/account/signin,same_platform_origin,True,2,netlify_app_linkedin_0438.html,8179bacd4400a42c00ef4b9ad27eef31356c2ea0bfcce7e0691ef743d869ec61,11481
1,pages_dev,pages.dev,Twitter,twitter.com,https://identity-check.pages.dev/login,same_platform_origin,True,1,pages_dev_twitter_0439.html,dfb1bf9061851ec63bc08453045a4c6966ab5fc68e2c8f64c8003862eb16cb77,10933
1,netlify_app,netlify.app,Twitter,twitter.com,https://verify-account.netlify.app/oauth/authorize,same_platform_origin,True,1,netlify_app_twitter_0440.html,787216679b34471ac23fea6ab113435428791a6b854c7cd80ab86353786b433f,10952
1,firebase_app,firebaseapp.com,Twitter,twitter.com,https://identity-check.firebaseapp.com/login,same_platform_origin,True,3,firebase_app_twitter_0441.html,07e0ed55147cb7f088262f9951bf0c4f07921cc04ca2bfe01afedeb24f37f7b0,11089
1,pages_dev,pages.dev,LinkedIn,linkedin.com,https://sso-portal.pages.dev/account/signin,same_platform_origin,True,3,pages_dev_linkedin_0442.html,8f6f9ea0fa21d2add10befc391f43773118f45935c43733b5352bc2e318f6c0e,11537
1,vercel_app,vercel.app,Facebook,facebook.com,https://secure-auth.vercel.app/verify,same_platform_origin,True,2,vercel_app_facebook_0443.html,d4b7689cb473596cbabc6ad93c7575e1a00f3861b5420fbf2dd19cbf9d16a9a4,12173
1,firebase_app,firebaseapp.com,Amazon,amazon.com,https://account-verify.firebaseapp.com/session/new,same_platform_origin,True,4,firebase_app_amazon_0444.html,b887b722d2590437dd4ece2f2542e5347d2835a57bf307b98aedc023c8636f6f,547789
1,github_io,github.io,Twitter,twitter.com,https://auth-portal.github.io/identity/verify,same_platform_origin,True,4,github_io_twitter_0445.html,a163d4a56195e65be9d1d9751ee9a8a6aba1c50d89fdad224992e50b900f4d72,11134
1,firebase_app,firebaseapp.com,Twitter,twitter.com,https://verify-account.firebaseapp.com/oauth/authorize,same_platform_origin,True,3,firebase_app_twitter_0446.html,249edcd2abcfc8958f9dbf6a76ebbe349b9d4a79ce5bb340060e46da15060aa9,11108
1,netlify_app,netlify.app,LinkedIn,linkedin.com,https://security-check.netlify.app/signin,same_platform_origin,True,4,netlify_app_linkedin_0447.html,776535c938b46ef6f39b8854fb003ab74856fdde0cabdc87c526027c1c829095,11594
1,github_io,github.io,Facebook,facebook.com,https://auth-verify.github.io/verify,same_platform_origin,True,2,github_io_facebook_0448.html,3bd68e758bfc6837d4088c7cea28ba849eea81ab33364c4b3e1a7be86c8ef800,12161
1,pages_dev,pages.dev,Amazon,amazon.com,https://identity-check.pages.dev/session/new,same_platform_origin,True,2,pages_dev_amazon_0449.html,06e1411df33ad41e4e9f912b8028e0bfd6f6a114483764a4e29c0a5f8b676d14,547680
1,netlify_app,netlify.app,Amazon,amazon.com,https://verify-account.netlify.app/oauth/authorize,same_platform_origin,True,1,netlify_app_amazon_0450.html,2d34a098feb9efa5813280e6c3d7599c5d13b842381214c1134d46d12de8ad00,547591
1,netlify_app,netlify.app,Facebook,facebook.com,https://secure-auth.netlify.app/session/new,same_platform_origin,True,1,netlify_app_facebook_0451.html,734a2e40cc75bedf3278ca869147af3562280c31edad61b7209dc5ec8fe366a9,12115
1,pages_dev,pages.dev,LinkedIn,linkedin.com,https://auth-verify.pages.dev/session/new,same_platform_origin,True,4,pages_dev_linkedin_0452.html,629e3cd540d730928318cd90d6ff1e6fa3563b756a0a2f555077e257e2887ce0,11593
1,vercel_app,vercel.app,Amazon,amazon.com,https://account-verify.vercel.app/auth,same_platform_origin,True,2,vercel_app_amazon_0453.html,3d6e1b233ef1eb1088e945634309e60f97d6b3b83520911bd0bc03b3978402eb,547656
1,pages_dev,pages.dev,LinkedIn,linkedin.com,https://auth-verify.pages.dev/identity/verify,same_platform_origin,True,3,pages_dev_linkedin_0454.html,c663b1b45ad211c38a22f07b8469900c7efd1f6ba6618a78f0ecb3419ec4a0ed,11535
1,firebase_app,firebaseapp.com,LinkedIn,linkedin.com,https://secure-auth.firebaseapp.com/signin,same_platform_origin,True,4,firebase_app_linkedin_0455.html,00e8f64fca7abbbd48849903ce4f950967fdcd1859776b8bc99a052fffb6719c,11625
1,firebase_app,firebaseapp.com,Facebook,facebook.com,https://identity-check.firebaseapp.com/verify,same_platform_origin,True,3,firebase_app_facebook_0456.html,accf1bdc6bd6495d3dc613cda4ff930ff8e99b6c6cd12d0a9ba6af20a58e85e7,12259
1,firebase_app,firebaseapp.com,Amazon,amazon.com,https://login-portal.firebaseapp.com/verify,same_platform_origin,True,3,firebase_app_amazon_0457.html,3b30c7c83bdd1e93a4be159fea461f4bbf5dff2b93c32a164394d3480b9f7242,547736
1,netlify_app,netlify.app,LinkedIn,linkedin.com,https://login-verify.netlify.app/sso/login,same_platform_origin,True,3,netlify_app_linkedin_0458.html,ed6a40064cc2c06ca9156fd3b3bc1febd539d59c0027baf4f93df426e1711c2f,11540
1,netlify_app,netlify.app,Amazon,amazon.com,https://secure-login.netlify.app/signin,same_platform_origin,True,2,netlify_app_amazon_0459.html,5927a90066dbb2672d1ba1f432433577cf7b50a0df14d99331a2424a2e334f86,547664
1,github_io,github.io,Twitter,twitter.com,https://secure-login.github.io/signin,same_platform_origin,True,3,github_io_twitter_0460.html,8f1117ba54aada09a92c1ed9ed4459fe548ddfb97598ff0d176f4a23000dac5c,11087
1,vercel_app,vercel.app,Amazon,amazon.com,https://sso-portal.vercel.app/sso/login,same_platform_origin,True,1,vercel_app_amazon_0461.html,ed70fce6f848963246c085ad44e44a744e799a95ff00f11c3afbda6e9cc6a257,547588
1,firebase_app,firebaseapp.com,LinkedIn,linkedin.com,https://secure-auth.firebaseapp.com/sso/login,same_platform_origin,True,3,firebase_app_linkedin_0462.html,bd9c8490efcc4ae5268e4aaf4fc0dcf73c2a54a8ae76f4b17044af09de9c3174,11527
1,pages_dev,pages.dev,Twitter,twitter.com,https://account-confirm.pages.dev/signin,same_platform_origin,True,3,pages_dev_twitter_0463.html,c127fc1594a73123b0b859de295a2698b407b4b7657a6c44a2eb4d94c8657f35,11095
1,firebase_app,firebaseapp.com,Twitter,twitter.com,https://login-verify.firebaseapp.com/sso/login,same_platform_origin,True,2,firebase_app_twitter_0464.html,58747246513cd9d37f920f5a1af61727c1eae129a4194ea3ccecadd43671ee3a,11005
1,firebase_app,firebaseapp.com,Facebook,facebook.com,https://identity-check.firebaseapp.com/sso/login,same_platform_origin,True,4,firebase_app_facebook_0465.html,3fa35f185a091cbd3814b98d58f8a3f4833f0529afeac096fff952b2af061be0,12304
1,netlify_app,netlify.app,Amazon,amazon.com,https://verify-account.netlify.app/account/signin,same_platform_origin,True,1,netlify_app_amazon_0466.html,70ae9e370afd2ed40bba031d5d57466ca7325cd098c7b3e9f9ac377606cac986,547591
1,github_io,github.io,Facebook,facebook.com,https://auth-verify.github.io/sso/login,same_platform_origin,True,1,github_io_facebook_0467.html,0809c1fb3711027d608d8a7f2188926e8550c4e51198397053ae4e39ecce9000,12109
1,pages_dev,pages.dev,Twitter,twitter.com,https://login-verify.pages.dev/verify,same_platform_origin,True,2,pages_dev_twitter_0468.html,bfd0bbdb9d3c8a0a1da38a16f0e8316ed4fb1117f0e6827ca591122b8fdd1451,11026
1,netlify_app,netlify.app,LinkedIn,linkedin.com,https://account-verify.netlify.app/session/new,same_platform_origin,True,1,netlify_app_linkedin_0469.html,471d143fe3f962990f40e9a4d06774df27a25e8b7c73e5bca93c28ddce4a91f7,11388
1,github_io,github.io,LinkedIn,linkedin.com,https://security-check.github.io/login,same_platform_origin,True,4,github_io_linkedin_0470.html,3e8bc2f83e554985178ab109de86df39d3aa8cccb620a898a83ee5b30ff4ac56,11590
1,pages_dev,pages.dev,LinkedIn,linkedin.com,https://secure-login.pages.dev/identity/verify,same_platform_origin,True,2,pages_dev_linkedin_0471.html,77d12e9345f356ac5cded7f63a4c935e110f5ebba9f0b6c8432412ad213a0825,11459
1,pages_dev,pages.dev,LinkedIn,linkedin.com,https://sso-portal.pages.dev/auth,same_platform_origin,True,4,pages_dev_linkedin_0472.html,1f20ac7ed542044571785938fc99199010314007cb3cadc5db16cd8997ae3228,11621
1,github_io,github.io,LinkedIn,linkedin.com,https://login-verify.github.io/session/new,same_platform_origin,True,1,github_io_linkedin_0473.html,e6b62938c9f3440141615e277627f560c69ceca84c74a5f5a531a16c6c2cbcdc,11406
1,vercel_app,vercel.app,LinkedIn,linkedin.com,https://account-confirm.vercel.app/identity/verify,same_platform_origin,True,2,vercel_app_linkedin_0474.html,8614e9f486a0a6a8df136ef103cebd741cb2d273d76afdcac3fe2aed39d2e414,11470
1,firebase_app,firebaseapp.com,Twitter,twitter.com,https://login-portal.firebaseapp.com/oauth/authorize,same_platform_origin,True,3,firebase_app_twitter_0475.html,810a4c84d2cb716786f277378b03fc96ac0a2234b8228f17399584c4a15420ac,11097
1,vercel_app,vercel.app,Facebook,facebook.com,https://login-verify.vercel.app/verify,same_platform_origin,True,3,vercel_app_facebook_0476.html,14679f2a69b3b118a013762fac714e49733b4b4e493c5c9c841dc8a19c7ae1ed,12221
1,vercel_app,vercel.app,Amazon,amazon.com,https://auth-portal.vercel.app/sso/login,same_platform_origin,True,4,vercel_app_amazon_0477.html,5028b49c7e3f5cc67e64eebecb30bdfbda4fe66b555cf73345fd9e9a79484ca4,547794
1,pages_dev,pages.dev,LinkedIn,linkedin.com,https://secure-login.pages.dev/signin,same_platform_origin,True,4,pages_dev_linkedin_0478.html,0a4e6ee077e824527b33d513156ec6010b13a0558628b69388d38175fd403ffd,11580
1,vercel_app,vercel.app,Amazon,amazon.com,https://secure-auth.vercel.app/auth,same_platform_origin,True,3,vercel_app_amazon_0479.html,2309e9f36960a45109a3fa6420cdafd3b9dfe00a7955b1c9ba8ae3635158dd7c,547713
1,vercel_app,vercel.app,Twitter,twitter.com,https://auth-portal.vercel.app/login,same_platform_origin,True,4,vercel_app_twitter_0480.html,93a1689ea9d6dccbe25c55ec9390f4039bc2d5bd746f7e6820741f703e321d0a,11133
1,netlify_app,netlify.app,LinkedIn,linkedin.com,https://account-verify.netlify.app/account/signin,same_platform_origin,True,2,netlify_app_linkedin_0481.html,654582232c28c48fa0862716b2efc3ad2e96cab6ed4ccac4dfd8bd756ed16560,11465
1,github_io,github.io,Facebook,facebook.com,https://auth-portal.github.io/session/new,same_platform_origin,True,1,github_io_facebook_0482.html,5202485bfaec8a14b4a2ff1679eaab0e692bba2b85620a1563df256df7ebe843,12090
1,netlify_app,netlify.app,Facebook,facebook.com,https://account-verify.netlify.app/signin,same_platform_origin,True,2,netlify_app_facebook_0483.html,85fdee45e879fd48f61f9de96962f3d1a5beca594cb89791337bf553addb8e81,12149
1,github_io,github.io,Amazon,amazon.com,https://auth-verify.github.io/sso/login,same_platform_origin,True,2,github_io_amazon_0484.html,b4bc4c639dad892ecb5574219e718b77116e839e1eba0defcfa71997ec55b5c9,547675
1,netlify_app,netlify.app,Twitter,twitter.com,https://verify-account.netlify.app/identity/verify,same_platform_origin,True,4,netlify_app_twitter_0485.html,fce0562c6446b4c3b7b7daf4f7ac096b3562189a9a87a5836a1d583f307287ef,11167
1,vercel_app,vercel.app,Amazon,amazon.com,https://identity-check.vercel.app/sso/login,same_platform_origin,True,2,vercel_app_amazon_0486.html,ab629506cb1503c7d739952dca0c4b5f13884734e09a3905dc97de968e12124e,547673
1,firebase_app,firebaseapp.com,LinkedIn,linkedin.com,https://auth-verify.firebaseapp.com/signin,same_platform_origin,True,2,firebase_app_linkedin_0487.html,b891ba5b168eb3182d37ab44f65d0d77d5fa02821079de0ea4f5ac94d6154123,11462
1,pages_dev,pages.dev,Facebook,facebook.com,https://security-check.pages.dev/signin,same_platform_origin,True,4,pages_dev_facebook_0488.html,6d6ef75ad31adf218dafdd214c97a28feba620dada83a314364924d45c120eae,12316
1,netlify_app,netlify.app,Twitter,twitter.com,https://login-verify.netlify.app/signin,same_platform_origin,True,4,netlify_app_twitter_0489.html,8b90a609258c9f6fc986466d235c389a33b88dacf67e74a752f817cafb4fe130,11146
1,pages_dev,pages.dev,Twitter,twitter.com,https://security-check.pages.dev/verify,same_platform_origin,True,2,pages_dev_twitter_0490.html,d08db0c0926e804f960df1bb8773537aec82379ec57edd6f50d1be4a0c9af29d,11005
1,vercel_app,vercel.app,Amazon,amazon.com,https://auth-verify.vercel.app/auth,same_platform_origin,True,1,vercel_app_amazon_0491.html,d3075f4c5bac305eeaa4d740ec5588def432a3de907bfa682242a196bf47b0b9,547598
1,netlify_app,netlify.app,Amazon,amazon.com,https://security-check.netlify.app/auth,same_platform_origin,True,3,netlify_app_amazon_0492.html,a2f62e20376c7249e3cc2ffbc97dd37a7389a4ef1ab5e66b8208905333a198ef,547722
1,vercel_app,vercel.app,LinkedIn,linkedin.com,https://secure-auth.vercel.app/account/signin,same_platform_origin,True,4,vercel_app_linkedin_0493.html,1fca4ddca3dd3381f56539bc23d7db6219af0f39382cc6afe677dbe8c792b826,11601
1,github_io,github.io,LinkedIn,linkedin.com,https://identity-check.github.io/verify,same_platform_origin,True,4,github_io_linkedin_0494.html,00b9a4b0d82201b78f558d0b1869d15798112362584191360ba8b6a0cda57e8b,11585
1,github_io,github.io,Twitter,twitter.com,https://sso-portal.github.io/identity/verify,same_platform_origin,True,3,github_io_twitter_0495.html,f34f47d33d5abb274da2a798284b1586901bec99ffc0a153c3c2e73c22ef9465,11051
1,netlify_app,netlify.app,LinkedIn,linkedin.com,https://verify-account.netlify.app/session/new,same_platform_origin,True,4,netlify_app_linkedin_0496.html,2d32eb7961833bfda6215e9bd18e1ad58c4b59468bb72d30f942560e8d4c334e,11595
1,github_io,github.io,Facebook,facebook.com,https://security-check.github.io/identity/verify,same_platform_origin,True,1,github_io_facebook_0497.html,f4ddd3085080f4ee13db332992882d002bbda4492daec96ad1e18778dbcbacc8,12095
1,vercel_app,vercel.app,Facebook,facebook.com,https://security-check.vercel.app/auth,same_platform_origin,True,2,vercel_app_facebook_0498.html,491d5785f9ee851e50683f9df202be33ef2105895cbd74b32dd2eb1d2e53c24e,12181
1,netlify_app,netlify.app,LinkedIn,linkedin.com,https://security-check.netlify.app/login,same_platform_origin,True,2,netlify_app_linkedin_0499.html,8a70beef659fea576f176c73cd8aa31608bf5b3c3a9d84325c9612675a4f41e9,11485
0,github_io,github.io,Twitter,twitter.com,https://twitter.com/signin,same_origin,False,0,github_io_twitter_0000.html,e9d2628ab4a364d7cf6acdfbc056b3bf8a313f55c0ffab979497845d24a398b8,10950
0,netlify_app,netlify.app,LinkedIn,linkedin.com,https://linkedin.com,same_origin,False,0,netlify_app_linkedin_0001.html,3e2b23a3f0851d8ac921e0d0e2b2fb4162799a253a2e83523e420b097cac00b2,11392
0,pages_dev,pages.dev,LinkedIn,linkedin.com,https://linkedin.com/login,same_origin,False,0,pages_dev_linkedin_0002.html,6f81f8ba9878aef63575a9a77c055079d0e318d2c40c98ae47c5817687b57326,11398
0,netlify_app,netlify.app,LinkedIn,linkedin.com,https://linkedin.com/signin,same_origin,False,0,netlify_app_linkedin_0003.html,2f353ca74de120544363cafd7e973a7571e458d7b9db831d03c042670d9b9f1a,11399
0,pages_dev,pages.dev,Amazon,amazon.com,https://amazon.com/session,same_origin,False,0,pages_dev_amazon_0004.html,37df7a4bdee01895bd454ea4a698d74ef9e79f63d86e8d8c605b117112c6b6e2,547597
0,github_io,github.io,Amazon,amazon.com,https://amazon.com/login,same_origin,False,0,github_io_amazon_0005.html,d1173089d7cc85c0d14e34a86c6ec413c7a5f7098828cf6cbc27b411dd17da1b,547595
0,netlify_app,netlify.app,Twitter,twitter.com,https://twitter.com,same_origin,False,0,netlify_app_twitter_0006.html,e28f91c63dd6e307b7bbf8decae29d3bcaf4ec98f1d0ee10078825dd70214abf,10943
0,netlify_app,netlify.app,Amazon,amazon.com,https://amazon.com/session,same_origin,False,0,netlify_app_amazon_0007.html,04e36bbf1df4443dec73545eef45b9d9a878e1031bb54a99b6970f0cb0aaa1f8,547597
0,netlify_app,netlify.app,Amazon,amazon.com,https://amazon.com/session,same_origin,False,0,netlify_app_amazon_0008.html,907b6bd736001877d194d09672771e002994cf86d54b87021b0ea8a0cdd595c2,547597
0,netlify_app,netlify.app,LinkedIn,linkedin.com,https://linkedin.com/login,same_origin,False,0,netlify_app_linkedin_0009.html,9ee115e72a5859b7849141a228659a6cfe544e77096772b4e5130cc103bb97f5,11398
0,firebase_app,firebaseapp.com,Amazon,amazon.com,https://amazon.com,same_origin,False,0,firebase_app_amazon_0010.html,7fe1b5229659b4b18104d4d4cc1175ce614eb421fb3f9cecf2be5b7d04f3e478,547589
0,netlify_app,netlify.app,Amazon,amazon.com,https://amazon.com/signin,same_origin,False,0,netlify_app_amazon_0011.html,cf3cf7739e8b363919338a3ee9f1c6aa0d47277f69da531c3c5d72aef781a722,547596
0,vercel_app,vercel.app,LinkedIn,linkedin.com,https://linkedin.com/auth,same_origin,False,0,vercel_app_linkedin_0012.html,4bfe07ccb1a6bcfe242e76ce56dff03290f07438f789147d71dec9bb8c7729ba,11397
0,netlify_app,netlify.app,Facebook,facebook.com,https://facebook.com/auth,same_origin,False,0,netlify_app_facebook_0013.html,fdfd84195e2f133b1d47aefab6b35e4d624ed8355482c17e7fa0e61aa778a18d,12102
0,github_io,github.io,Twitter,twitter.com,https://twitter.com/session,same_origin,False,0,github_io_twitter_0014.html,30dcde078b126403c6d8b09b528ad3b16d757b9b25a257eaed92261540163bd3,10951
0,github_io,github.io,Facebook,facebook.com,https://facebook.com/session,same_origin,False,0,github_io_facebook_0015.html,7f354bcf9a78d8b187928f8b11dbb7a368831f2eaa7bcddad01ff30592dd5035,12105
0,github_io,github.io,LinkedIn,linkedin.com,https://linkedin.com,same_origin,False,0,github_io_linkedin_0016.html,6fd7fae638e844327820ff8b43f34867ec056bf30444af78db1dabcf498ea29d,11392
0,pages_dev,pages.dev,Facebook,facebook.com,https://facebook.com/auth,same_origin,False,0,pages_dev_facebook_0017.html,cb30d2e561ccb1cc235360a40d7f7823f22b2eb539c6b5e02f311b35de7e9800,12102
0,pages_dev,pages.dev,Facebook,facebook.com,https://facebook.com/login,same_origin,False,0,pages_dev_facebook_0018.html,6bc74efea93f3fbb11b3e43a1fa25c6a3b7556a1f35676227fc856a57c2cf654,12103
0,pages_dev,pages.dev,Amazon,amazon.com,https://amazon.com/signin,same_origin,False,0,pages_dev_amazon_0019.html,46ff397c8dfd80fe564cdac96d3f8fcd6957c344248f04166ed1c328748b8a70,547596
0,firebase_app,firebaseapp.com,LinkedIn,linkedin.com,https://linkedin.com/login,same_origin,False,0,firebase_app_linkedin_0020.html,cc7b0eb242cba461a6751c4222cfe66cfed4ee6e2987b915218fa7aefc0c28af,11398
0,netlify_app,netlify.app,Facebook,facebook.com,https://facebook.com/session,same_origin,False,0,netlify_app_facebook_0021.html,9c0724a0ef1cb014bc381ba5fd1979ae41f519b982cb227e70aeda5f6c4c1059,12105
0,github_io,github.io,LinkedIn,linkedin.com,https://linkedin.com/login,same_origin,False,0,github_io_linkedin_0022.html,a34fd97a475d4c95ce4035245b12a39aa00ecc50f97fa1a42fd9df7c4b4a12c1,11398
0,pages_dev,pages.dev,Facebook,facebook.com,https://facebook.com/login,same_origin,False,0,pages_dev_facebook_0023.html,bdc45e889c3e7398c207d335b9314a99467faaafad0d45762315360cb858adcd,12103
0,github_io,github.io,Amazon,amazon.com,https://amazon.com/login,same_origin,False,0,github_io_amazon_0024.html,104f77743b91d78c5670799e39bd18ecaf2fd9b3598cce8d5acae1ab70dd70ef,547595
0,github_io,github.io,Twitter,twitter.com,https://twitter.com,same_origin,False,0,github_io_twitter_0025.html,2e62d432bd370db528b1cff02f7bd366c60175d487a58aeb33eb15158934be12,10943
0,vercel_app,vercel.app,Amazon,amazon.com,https://amazon.com/signin,same_origin,False,0,vercel_app_amazon_0026.html,f0f7557eba295114ad89ddeae4f615862301bf73fe0acf89f91ecc1b5b97f1b5,547596
0,github_io,github.io,Facebook,facebook.com,https://facebook.com/login,same_origin,False,0,github_io_facebook_0027.html,6295812b25604f3f48d9b04c6ad8c1e25a25753b9f9e1020de52d658c2c275a3,12103
0,vercel_app,vercel.app,LinkedIn,linkedin.com,https://linkedin.com/signin,same_origin,False,0,vercel_app_linkedin_0028.html,ec74ed6d93f965d3692a6ee59558bad78d08677946ab0b8d3b9ecd878befcce7,11399
0,firebase_app,firebaseapp.com,LinkedIn,linkedin.com,https://linkedin.com/login,same_origin,False,0,firebase_app_linkedin_0029.html,777893c575f3dc47b258a0fdeffee8b3f77114c03858cbf09f74261083cbf9b9,11398
0,pages_dev,pages.dev,Facebook,facebook.com,https://facebook.com/login,same_origin,False,0,pages_dev_facebook_0030.html,ad440a56887c4c997b598ab5e9711b91fd51617b2f618444c79340868651ccec,12103
0,firebase_app,firebaseapp.com,LinkedIn,linkedin.com,https://linkedin.com/session,same_origin,False,0,firebase_app_linkedin_0031.html,4768c4403401329cbca365f76ee23d22fb76ff83f06eb5434353b9ef92450dfe,11400
0,netlify_app,netlify.app,Amazon,amazon.com,https://amazon.com/signin,same_origin,False,0,netlify_app_amazon_0032.html,ad2ccc5e62cccedeeda9b05fdb800687e1c13ff910d14c7722f395d165fa98e0,547596
0,vercel_app,vercel.app,LinkedIn,linkedin.com,https://linkedin.com/login,same_origin,False,0,vercel_app_linkedin_0033.html,41de462e18e6db906c903ee187c45a0ce6d062d9c8bea5ea769ad879557f67aa,11398
0,netlify_app,netlify.app,Facebook,facebook.com,https://facebook.com,same_origin,False,0,netlify_app_facebook_0034.html,d3cadb8d10903dad08de053d1956a8773e87b9a09b09cd142c1a688c4e8e38e3,12097
0,firebase_app,firebaseapp.com,Amazon,amazon.com,https://amazon.com,same_origin,False,0,firebase_app_amazon_0035.html,9cde71f5018c441496c507d4da36d474510a467c755b38564e37f8fab05fa02f,547589
0,netlify_app,netlify.app,Facebook,facebook.com,https://facebook.com/session,same_origin,False,0,netlify_app_facebook_0036.html,d100a273adf8f9ab47cb668e9c5a97263e565c415fa50fe82b8f446887c25877,12105
0,vercel_app,vercel.app,Twitter,twitter.com,https://twitter.com/session,same_origin,False,0,vercel_app_twitter_0037.html,e1328339b23a6bf7479c4d068fe594dcb1f15dfc3dc110a4847a148b223813c7,10951
0,github_io,github.io,Facebook,facebook.com,https://facebook.com,same_origin,False,0,github_io_facebook_0038.html,ac112dd039b8007e1d29f049584a53f8ec2aa485eb739b5112797cae9272daed,12097
0,github_io,github.io,Amazon,amazon.com,https://amazon.com/auth,same_origin,False,0,github_io_amazon_0039.html,a5daad5efa1215420ec551d05f9fd8f83fff659b6b149a6323e13a1a660ea107,547594
0,vercel_app,vercel.app,LinkedIn,linkedin.com,https://linkedin.com/session,same_origin,False,0,vercel_app_linkedin_0040.html,5fd7dffbbedffd7a2a6aee116ab17df9d9d3d73e1a48f74f1979f788383fadda,11400
0,vercel_app,vercel.app,Facebook,facebook.com,https://facebook.com/signin,same_origin,False,0,vercel_app_facebook_0041.html,3f5a4ebc9552c362f9fd8e8245ce06fefa03650135119b5ac3b9c9e644ecedc5,12104
0,pages_dev,pages.dev,Twitter,twitter.com,https://twitter.com/login,same_origin,False,0,pages_dev_twitter_0042.html,f5d1ef20c08fc185394e1610eaea065f716400face0c1ac755fd72c5b41d2f8f,10949
0,pages_dev,pages.dev,Amazon,amazon.com,https://amazon.com,same_origin,False,0,pages_dev_amazon_0043.html,689df606565d1578e5461a84deaa619e44814eb58383fa102d42f89f29c28d4f,547589
0,github_io,github.io,Amazon,amazon.com,https://amazon.com/session,same_origin,False,0,github_io_amazon_0044.html,669758a8e0b11162e2c302ad6f43ddc0d10e485b5895ba84e401a4eef7393dd6,547597
0,vercel_app,vercel.app,Amazon,amazon.com,https://amazon.com,same_origin,False,0,vercel_app_amazon_0045.html,93e6efa323990f5c6fbf023059152dc42f36f1ffe507ae3be98529c88b3d2587,547589
0,netlify_app,netlify.app,LinkedIn,linkedin.com,https://linkedin.com/auth,same_origin,False,0,netlify_app_linkedin_0046.html,543df45a0280528c750b188c7807090f877569d9b7df50e1fc06383b8a194605,11397
0,github_io,github.io,Twitter,twitter.com,https://twitter.com,same_origin,False,0,github_io_twitter_0047.html,13059d70a64350a3cdcdb0dd2170bd61e4ee405a55cbb52e921ca86c588ffb40,10943
0,vercel_app,vercel.app,Twitter,twitter.com,https://twitter.com/session,same_origin,False,0,vercel_app_twitter_0048.html,7ec79c3e60a59ec8c14790a7850e74c04ec7c40932c398cbd571a9d4e2ca20f3,10951
0,firebase_app,firebaseapp.com,LinkedIn,linkedin.com,https://linkedin.com/login,same_origin,False,0,firebase_app_linkedin_0049.html,d9ac89bb4b19d41e3f2322b74459300d33edd8b781fd0fdd80a1ea8bd23fadbb,11398
0,netlify_app,netlify.app,Twitter,twitter.com,https://twitter.com/auth,same_origin,False,0,netlify_app_twitter_0050.html,a8044f6a468dc4dc3da7471f6b92a85f4e147271c88217b3f920426fb1b16dd3,10948
0,firebase_app,firebaseapp.com,Facebook,facebook.com,https://facebook.com,same_origin,False,0,firebase_app_facebook_0051.html,46fd32a7c0ac8df4e76eee1e99d4a788b633788b628c85f3b6f006bbc9da936b,12097
0,netlify_app,netlify.app,LinkedIn,linkedin.com,https://linkedin.com/signin,same_origin,False,0,netlify_app_linkedin_0052.html,76a0a751f4cbc0ca4be96921db1201011ac9404e85fde7a929095ca8a14b7788,11399
0,firebase_app,firebaseapp.com,LinkedIn,linkedin.com,https://linkedin.com,same_origin,False,0,firebase_app_linkedin_0053.html,d92c1c8c1f85f101cc2052513c0bf0cc3a3190cc60262b3c1418664e886fcd30,11392
0,netlify_app,netlify.app,Amazon,amazon.com,https://amazon.com,same_origin,False,0,netlify_app_amazon_0054.html,0eaa62f61e40f6c99de0b8a26300027bbfacfe3bcc3fcb3374f7778c693d1fe3,547589
0,netlify_app,netlify.app,Amazon,amazon.com,https://amazon.com/login,same_origin,False,0,netlify_app_amazon_0055.html,26ce180452bfb059c6f617ad27e6671823da5bb208c5056645e32b66289e5e9a,547595
0,vercel_app,vercel.app,Amazon,amazon.com,https://amazon.com/login,same_origin,False,0,vercel_app_amazon_0056.html,534c5e126bfc61f1107f05014a949853d351ac6d4253db3c416bbdd6f0c6c85f,547595
0,github_io,github.io,LinkedIn,linkedin.com,https://linkedin.com/auth,same_origin,False,0,github_io_linkedin_0057.html,6cd9b031b95ddc584bdae493de5c2cab05429351f410a415762d0d43fbea42b8,11397
0,github_io,github.io,Amazon,amazon.com,https://amazon.com/login,same_origin,False,0,github_io_amazon_0058.html,ab4f7a7ab79305e7adc5dcc70c19990026693b9f07c7e45c32a41f29c7ec4a93,547595
0,firebase_app,firebaseapp.com,Facebook,facebook.com,https://facebook.com,same_origin,False,0,firebase_app_facebook_0059.html,3f69f281c549611f3c83567d4badd33bffd59b4de56248aa664a334f345372bd,12097
0,netlify_app,netlify.app,Amazon,amazon.com,https://amazon.com,same_origin,False,0,netlify_app_amazon_0060.html,2b404dc6f6253dabb917f630e01a1ed5c373437dc258860b8d51a32cc372e2c2,547589
0,netlify_app,netlify.app,LinkedIn,linkedin.com,https://linkedin.com,same_origin,False,0,netlify_app_linkedin_0061.html,189bbe37a001e2746530a7f50b5d6a007ed541f7cbef19e64a4d1a963ee7f193,11392
0,netlify_app,netlify.app,LinkedIn,linkedin.com,https://linkedin.com/auth,same_origin,False,0,netlify_app_linkedin_0062.html,4932e78c594739fd7d62dcf486bd7bb8ec4ab8dee93d745473489e83c4412420,11397
0,firebase_app,firebaseapp.com,Twitter,twitter.com,https://twitter.com/login,same_origin,False,0,firebase_app_twitter_0063.html,f9d36479078cfb5279abc2c904c430ebae945af0e4431a6d0cea7e4dc529efdf,10949
0,pages_dev,pages.dev,LinkedIn,linkedin.com,https://linkedin.com/auth,same_origin,False,0,pages_dev_linkedin_0064.html,78c4a53fa72664719184bb415a35f21750cac6917c22e79abcc060234d0f871a,11397
0,vercel_app,vercel.app,Amazon,amazon.com,https://amazon.com/login,same_origin,False,0,vercel_app_amazon_0065.html,07d1309572cf05a21972120945d84970ae0b381b7c88defd6b3f777735e9656d,547595
0,vercel_app,vercel.app,Facebook,facebook.com,https://facebook.com/signin,same_origin,False,0,vercel_app_facebook_0066.html,ded440316ae3e9b43976659d03e4895f9427ed75f31aa85fc7d04bbdd9b87a2c,12104
0,github_io,github.io,LinkedIn,linkedin.com,https://linkedin.com/session,same_origin,False,0,github_io_linkedin_0067.html,a8d63fdf8a682ca830421d9acc2f7810d6731b014df48e2fd698300eb69efe58,11400
0,vercel_app,vercel.app,Amazon,amazon.com,https://amazon.com,same_origin,False,0,vercel_app_amazon_0068.html,9b4ae419bfe643011a1640c883c7fd3d8453b67b406658ea9a5ed1d4cf138cb4,547589
0,pages_dev,pages.dev,LinkedIn,linkedin.com,https://linkedin.com/auth,same_origin,False,0,pages_dev_linkedin_0069.html,2d7f52f040dcc6058b039d6061f55f54924482203b93c4dfaf41a18082450001,11397
0,firebase_app,firebaseapp.com,LinkedIn,linkedin.com,https://linkedin.com,same_origin,False,0,firebase_app_linkedin_0070.html,a1a545a7431ffd7d10fd35967412a56426a2353826a2cd82a2d5a6b4aff5be4b,11392
0,github_io,github.io,Twitter,twitter.com,https://twitter.com/login,same_origin,False,0,github_io_twitter_0071.html,412024284227bade089dd6a181aa4e94076b0b8bf3a8f4a431518ab9e5119082,10949
0,github_io,github.io,LinkedIn,linkedin.com,https://linkedin.com/session,same_origin,False,0,github_io_linkedin_0072.html,6f3ed3d3e63c796058ab816da19f8e54142975bd6a8b47eee51466317c42c692,11400
0,netlify_app,netlify.app,Facebook,facebook.com,https://facebook.com/session,same_origin,False,0,netlify_app_facebook_0073.html,631fb84e0921ad8df5578d93e4c574dfb2cc0347eab659d4ea3751c631bd1c8f,12105
0,pages_dev,pages.dev,LinkedIn,linkedin.com,https://linkedin.com/session,same_origin,False,0,pages_dev_linkedin_0074.html,40f872db13720611d21735941068df3bcad8d8a4ac9938684a64f3ce4c21c03c,11400
0,vercel_app,vercel.app,Amazon,amazon.com,https://amazon.com/signin,same_origin,False,0,vercel_app_amazon_0075.html,4437596747e9c143c82adbcab44745c590507f2136ab43ec843ba3aa13821494,547596
0,firebase_app,firebaseapp.com,LinkedIn,linkedin.com,https://linkedin.com/session,same_origin,False,0,firebase_app_linkedin_0076.html,3ebe8aae41500ef04608e7b4e419cf38429489542e2a64e09646a8eadbdd55a9,11400
0,github_io,github.io,Amazon,amazon.com,https://amazon.com/signin,same_origin,False,0,github_io_amazon_0077.html,d8b80d87c76e01163e3a475f7d88b6bf55c21d73c63322d691af160aae63702d,547596
0,pages_dev,pages.dev,LinkedIn,linkedin.com,https://linkedin.com/signin,same_origin,False,0,pages_dev_linkedin_0078.html,eaf313a85cbb9a7419a7692d5a00dfb8a707e4319477afa34693a81d1bb6a4d3,11399
0,vercel_app,vercel.app,Twitter,twitter.com,https://twitter.com,same_origin,False,0,vercel_app_twitter_0079.html,f50e752300d3eb339870d44298a72d2483102962ee454181484b876d5e92e574,10943
0,github_io,github.io,Twitter,twitter.com,https://twitter.com,same_origin,False,0,github_io_twitter_0080.html,f003647b033af038cc78dd1faac362eb97efe1d97c424a09977f0e383b17b1f0,10943
0,firebase_app,firebaseapp.com,Facebook,facebook.com,https://facebook.com/auth,same_origin,False,0,firebase_app_facebook_0081.html,6055862ae4b6b388a6e466994579d080f678e2aae9cf72ad6d1d854b244fd2d4,12102
0,github_io,github.io,Facebook,facebook.com,https://facebook.com,same_origin,False,0,github_io_facebook_0082.html,9b260dc017c75c50b14ee3cd2376f7783df2038b60c5783d3e038565900fc1f8,12097
0,pages_dev,pages.dev,Twitter,twitter.com,https://twitter.com,same_origin,False,0,pages_dev_twitter_0083.html,724a2045eddbd47e8fd74a62a19e92bd8ad4c05ae555c1ba69afa526e147c8a5,10943
0,github_io,github.io,Facebook,facebook.com,https://facebook.com/session,same_origin,False,0,github_io_facebook_0084.html,ef6cf493fc814ccc0cddcdda05131cccfc464888e15be4379ad918e9e2969abb,12105
0,firebase_app,firebaseapp.com,LinkedIn,linkedin.com,https://linkedin.com/auth,same_origin,False,0,firebase_app_linkedin_0085.html,74ad0af3a7d3ccce497e642fc5f77a5096c4a17e55d3e6a60f158325d0f134fa,11397
0,github_io,github.io,LinkedIn,linkedin.com,https://linkedin.com/session,same_origin,False,0,github_io_linkedin_0086.html,7c6bc4a75c9168c74665a42b196fe9ac66e2c3c126a2359f182a546082f1fe94,11400
0,vercel_app,vercel.app,Twitter,twitter.com,https://twitter.com/signin,same_origin,False,0,vercel_app_twitter_0087.html,b6154129d0647ea521d746ce8867cd6d802e55a163274032423e07ed2cf48efc,10950
0,netlify_app,netlify.app,Twitter,twitter.com,https://twitter.com,same_origin,False,0,netlify_app_twitter_0088.html,cefa4a96842154fe9cfb1cca71a29e46ddee633c7a7d8b26454e66fc311cda13,10943
0,netlify_app,netlify.app,Amazon,amazon.com,https://amazon.com/signin,same_origin,False,0,netlify_app_amazon_0089.html,a3a642fa121d2adea92159353c9d2a7f0a717c0a1d4971d0aa9b6aee8e381eb2,547596
0,firebase_app,firebaseapp.com,LinkedIn,linkedin.com,https://linkedin.com/session,same_origin,False,0,firebase_app_linkedin_0090.html,0ee908d3fa53fe2a1ef1d12c359adbf517076fcefe64af221af4df62a4935295,11400
0,pages_dev,pages.dev,Facebook,facebook.com,https://facebook.com/login,same_origin,False,0,pages_dev_facebook_0091.html,bd91049a9ec9a14a761050b504f66bf03a126caf54370b36ea2d0d62139987ea,12103
0,firebase_app,firebaseapp.com,Facebook,facebook.com,https://facebook.com,same_origin,False,0,firebase_app_facebook_0092.html,396c12ae20feebaab10826ac45f9fb38c758351b1e6a6b3a8c565f5e64c507a6,12097
0,firebase_app,firebaseapp.com,Twitter,twitter.com,https://twitter.com/auth,same_origin,False,0,firebase_app_twitter_0093.html,4da6d3de364d7a6ababc395b19eff193fbe8a39bf96229d6248e7be021350902,10948
0,pages_dev,pages.dev,Twitter,twitter.com,https://twitter.com,same_origin,False,0,pages_dev_twitter_0094.html,a6e296080cb2d772615f673528a19e2468998c041d338c18d2bbd8bfffaa2554,10943
0,netlify_app,netlify.app,Twitter,twitter.com,https://twitter.com/auth,same_origin,False,0,netlify_app_twitter_0095.html,b1f1068422962f41f0230a1a20f70df474051fafe6727789a6e4bf75c08dd7a7,10948
0,vercel_app,vercel.app,LinkedIn,linkedin.com,https://linkedin.com/login,same_origin,False,0,vercel_app_linkedin_0096.html,99e0e72cf5d02d61859a4edc5469c4b2ddd379eff30558f4dbde50b18f5c0201,11398
0,vercel_app,vercel.app,LinkedIn,linkedin.com,https://linkedin.com,same_origin,False,0,vercel_app_linkedin_0097.html,a4a7ab77bfe754b9a7fee08b9394b0d18173b8e2caac76cef1a8e521def3d358,11392
0,github_io,github.io,Twitter,twitter.com,https://twitter.com/session,same_origin,False,0,github_io_twitter_0098.html,3fcd0b390a3058de23d398eea105d7baaef174814a1e7f0ff5aa732cc7f56704,10951
0,github_io,github.io,Twitter,twitter.com,https://twitter.com/auth,same_origin,False,0,github_io_twitter_0099.html,af766a05e373f44129c85c7fae8909b3d1d19f82bfd1d69ff24d3209bf02c2d2,10948
0,firebase_app,firebaseapp.com,Facebook,facebook.com,https://facebook.com/auth,same_origin,False,0,firebase_app_facebook_0100.html,509f2e4c22372d1d3e901f98940e4891689991913e070273da7f6ed651125a90,12102
0,vercel_app,vercel.app,Facebook,facebook.com,https://facebook.com/session,same_origin,False,0,vercel_app_facebook_0101.html,242b45a977a614c46d6d7ef706adaca439bf80599be9828d2217430976022db5,12105
0,pages_dev,pages.dev,Facebook,facebook.com,https://facebook.com/signin,same_origin,False,0,pages_dev_facebook_0102.html,8be30d4eb33eeb5029d6bcc5e8525f75678d44b583365bd52fc9efe78bbcd181,12104
0,vercel_app,vercel.app,Amazon,amazon.com,https://amazon.com/auth,same_origin,False,0,vercel_app_amazon_0103.html,22bd86195b086ddc794e32434909bbe25bb61ff5576539f19f450ade75a40f28,547594
0,github_io,github.io,Amazon,amazon.com,https://amazon.com/login,same_origin,False,0,github_io_amazon_0104.html,b69b1e1717dd5ae19b508929cbb16c2de91c88382aeac773c609723250dae20f,547595
0,vercel_app,vercel.app,Facebook,facebook.com,https://facebook.com/auth,same_origin,False,0,vercel_app_facebook_0105.html,e6163953ffe466ff3274d36c00dc14151a65fb58b8efaf8e886ad65c294b8858,12102
0,pages_dev,pages.dev,LinkedIn,linkedin.com,https://linkedin.com/session,same_origin,False,0,pages_dev_linkedin_0106.html,398a4f46a2494954d256d2c5ca82eb54271474bab537b6e8859141b78199db17,11400
0,pages_dev,pages.dev,Facebook,facebook.com,https://facebook.com,same_origin,False,0,pages_dev_facebook_0107.html,fb09206c61ba8cb6c3d52037f992f8b0076906df762898d32d99c1c8e69d3156,12097
0,netlify_app,netlify.app,LinkedIn,linkedin.com,https://linkedin.com/signin,same_origin,False,0,netlify_app_linkedin_0108.html,cf1664d2cda69ce34c3f3399a8affaa9b762e720f3d2894c3ce933f89c974613,11399
0,netlify_app,netlify.app,Facebook,facebook.com,https://facebook.com,same_origin,False,0,netlify_app_facebook_0109.html,4bee5b4b066fd60f71ff2abbacb5c36c0bfe6724386e66609c3c31bd7abf2091,12097
0,github_io,github.io,Twitter,twitter.com,https://twitter.com/auth,same_origin,False,0,github_io_twitter_0110.html,8a6b88c4f6806c993d1897f565c5866e4b4f13db527c5cfcd078d7b5e08ba33f,10948
0,firebase_app,firebaseapp.com,Twitter,twitter.com,https://twitter.com/login,same_origin,False,0,firebase_app_twitter_0111.html,8fd37cef8f91c6526b4b599613010b9cf9e05b9f602a25badfed9dfec4a977c1,10949
0,firebase_app,firebaseapp.com,Facebook,facebook.com,https://facebook.com/session,same_origin,False,0,firebase_app_facebook_0112.html,e1dbd6267c3c671c4204dbdaa8d4e1cf77c09792b601fed13f3c5a7266d8489c,12105
0,firebase_app,firebaseapp.com,Twitter,twitter.com,https://twitter.com/signin,same_origin,False,0,firebase_app_twitter_0113.html,c2ffb928e2c2d269de76ca21d1a25bfb1456ec24f0f853f36ed35e6a50769b90,10950
0,pages_dev,pages.dev,Facebook,facebook.com,https://facebook.com,same_origin,False,0,pages_dev_facebook_0114.html,ec1d1a9d574ef9b0c8db5546d349089d61b8792512991a60c501187ce19dae41,12097
0,github_io,github.io,LinkedIn,linkedin.com,https://linkedin.com/signin,same_origin,False,0,github_io_linkedin_0115.html,23a4fac852ff995b16c6ffb8a8589bdf78d5ceb432af439d7ff7de80bce47b74,11399
0,vercel_app,vercel.app,Amazon,amazon.com,https://amazon.com/signin,same_origin,False,0,vercel_app_amazon_0116.html,68570e1b24c3af355f6e942a12034ea328ec0e91136afed8512b6285ed6a0385,547596
0,firebase_app,firebaseapp.com,LinkedIn,linkedin.com,https://linkedin.com/auth,same_origin,False,0,firebase_app_linkedin_0117.html,2eb5b5df15446ad001041b0a564ac153bf20e74577cb9ac799a7ead95bffae32,11397
0,vercel_app,vercel.app,LinkedIn,linkedin.com,https://linkedin.com/signin,same_origin,False,0,vercel_app_linkedin_0118.html,74c908635166e19d1766a5ab33410e5b7f473de526cdd57ab64576b59efb2099,11399
0,netlify_app,netlify.app,Twitter,twitter.com,https://twitter.com/signin,same_origin,False,0,netlify_app_twitter_0119.html,e9f8d196a01f9c6a045cebdf786877f93435ee927686380ae1a67de9aea4fa3c,10950
0,netlify_app,netlify.app,LinkedIn,linkedin.com,https://linkedin.com/session,same_origin,False,0,netlify_app_linkedin_0120.html,06d9ce8d0c192cc440a7b59119f5818f5c3995f52e705f1b48178fbda2debaaa,11400
0,vercel_app,vercel.app,Twitter,twitter.com,https://twitter.com/login,same_origin,False,0,vercel_app_twitter_0121.html,a0833422b736cb0bbb1efb0cf8acebac943bc9c2be595ebccf7adfeb8ff0fe5f,10949
0,netlify_app,netlify.app,LinkedIn,linkedin.com,https://linkedin.com/session,same_origin,False,0,netlify_app_linkedin_0122.html,bb7bf0a9b96bfe90f0000f7d4732559060bd73d19ad0bd88102a0fe0167bd5ad,11400
0,netlify_app,netlify.app,Facebook,facebook.com,https://facebook.com/signin,same_origin,False,0,netlify_app_facebook_0123.html,3fcdd732e8d5701620ae049fdba31964b667b7178cf4072b643f59770850bff4,12104
0,firebase_app,firebaseapp.com,Amazon,amazon.com,https://amazon.com,same_origin,False,0,firebase_app_amazon_0124.html,b11aaade2fbfe71cf13ebefbbdfd3ebe19613da6cc3e803f8bc9207116bc2c54,547589
0,github_io,github.io,Twitter,twitter.com,https://twitter.com/signin,same_origin,False,0,github_io_twitter_0125.html,627c9f15f1c96551daa385dd76882bf31a763c5d662b7b3f069b9b3ec0aaa203,10950
0,firebase_app,firebaseapp.com,Facebook,facebook.com,https://facebook.com/auth,same_origin,False,0,firebase_app_facebook_0126.html,19d1b0ae038d18d1b35de95e1dcb409fe6fc1e72d6ba573371cd7c5c9adcf0ac,12102
0,github_io,github.io,Twitter,twitter.com,https://twitter.com/session,same_origin,False,0,github_io_twitter_0127.html,cbc73cc84691cf47479108816acb6abfb00da18230308004e2f16aeb552d3b0b,10951
0,github_io,github.io,Facebook,facebook.com,https://facebook.com/auth,same_origin,False,0,github_io_facebook_0128.html,0fe55d001960e1c0b9a70ea6537fb3683055637f998fca7a46bc7d92996e92c8,12102
0,netlify_app,netlify.app,Twitter,twitter.com,https://twitter.com/session,same_origin,False,0,netlify_app_twitter_0129.html,dc3c104d2e3c5677a918a36b98ef99c51c49aebc6d2c7eeb0b43dde4b564e538,10951
0,pages_dev,pages.dev,Facebook,facebook.com,https://facebook.com/login,same_origin,False,0,pages_dev_facebook_0130.html,6ff708174eef957f1ce9873e81563e41323242bfa896eda749afd730ebd3969f,12103
0,vercel_app,vercel.app,LinkedIn,linkedin.com,https://linkedin.com/auth,same_origin,False,0,vercel_app_linkedin_0131.html,1a76037830dd886a774305493cf4bc93cc3e60db9c6bd8feb689ebd8d401996d,11397
0,netlify_app,netlify.app,Amazon,amazon.com,https://amazon.com/auth,same_origin,False,0,netlify_app_amazon_0132.html,e8e5fd5b7f13d66aa1ebae158d0306e1b2e692350891ccbe23cc8c426c485955,547594
0,pages_dev,pages.dev,LinkedIn,linkedin.com,https://linkedin.com/session,same_origin,False,0,pages_dev_linkedin_0133.html,5ad0a970a5baf19c7d406b7a75591bcd059394dd02dd146d5e224b8bc3572ef6,11400
0,pages_dev,pages.dev,Twitter,twitter.com,https://twitter.com/signin,same_origin,False,0,pages_dev_twitter_0134.html,ab25190e899a3940f446a7bc27c892e2ec23dc2338aa51f986fda099ad93ef50,10950
0,pages_dev,pages.dev,Amazon,amazon.com,https://amazon.com/login,same_origin,False,0,pages_dev_amazon_0135.html,98e0eb1f0584db233ed3fa2a27beeb94b5222fb401ce4b54179b2a1fd11825d5,547595
0,vercel_app,vercel.app,Twitter,twitter.com,https://twitter.com/auth,same_origin,False,0,vercel_app_twitter_0136.html,e15eaf68a5bef719a0b07b09c569ab634cd07cff96b643779d76e9e2d7e36146,10948
0,vercel_app,vercel.app,Facebook,facebook.com,https://facebook.com/session,same_origin,False,0,vercel_app_facebook_0137.html,daf2fd459de70af35cd81900d5f584b295dcb4e256cbe79cdaaf22f46c0899a5,12105
0,vercel_app,vercel.app,LinkedIn,linkedin.com,https://linkedin.com/signin,same_origin,False,0,vercel_app_linkedin_0138.html,bacb16f5ccf05d14f963a45f86fc3c399013e1dd58c0476afeaed5524e022029,11399
0,vercel_app,vercel.app,Twitter,twitter.com,https://twitter.com/login,same_origin,False,0,vercel_app_twitter_0139.html,2a1e92b7242ad7be36e00142baaa18e601a4df3a08c283a9b270bf6bf5bcf579,10949
0,vercel_app,vercel.app,Facebook,facebook.com,https://facebook.com/login,same_origin,False,0,vercel_app_facebook_0140.html,336ceb21e1702c6d414b394506f7955ca07f2be4331c37736e44864d557953b7,12103
0,github_io,github.io,Amazon,amazon.com,https://amazon.com/login,same_origin,False,0,github_io_amazon_0141.html,ca42a158ef8fd396c799933f3439ff2082d2a47db301b71a8c21ffda5e5ac364,547595
0,pages_dev,pages.dev,Facebook,facebook.com,https://facebook.com/login,same_origin,False,0,pages_dev_facebook_0142.html,c621db63358731a84b060637a9ef9ff0731c5779df539f70a8573df170a7b889,12103
0,github_io,github.io,Twitter,twitter.com,https://twitter.com/signin,same_origin,False,0,github_io_twitter_0143.html,38076fe2ed2072d9f17400e73ce638b8aa9af7329aa16073589314b0db929f2b,10950
0,github_io,github.io,Facebook,facebook.com,https://facebook.com/signin,same_origin,False,0,github_io_facebook_0144.html,736122d36dfe4cd535f23cba1df7df8a902d3fa663873d0aa143b97f17c0e3bb,12104
0,netlify_app,netlify.app,Twitter,twitter.com,https://twitter.com/session,same_origin,False,0,netlify_app_twitter_0145.html,a446cfe83280774a08549dad36bdb2e784bfbfee601f36c69eba8b4fe89f541c,10951
0,netlify_app,netlify.app,Amazon,amazon.com,https://amazon.com,same_origin,False,0,netlify_app_amazon_0146.html,30bc8288fed4c5c2fa89d84ab3630b50ef50ab5800492ea3ca2121f8ce7ad5eb,547589
0,github_io,github.io,Amazon,amazon.com,https://amazon.com,same_origin,False,0,github_io_amazon_0147.html,9f93f0ebb9834b0b74e3ebf72edf96c9ef9f875b0a422a442fcb05f9a7d1594d,547589
0,firebase_app,firebaseapp.com,Amazon,amazon.com,https://amazon.com/auth,same_origin,False,0,firebase_app_amazon_0148.html,8aa4377293b87c5842743ad373ac0a412bf2a6a6d300df597edfaef34c9ffa01,547594
0,firebase_app,firebaseapp.com,LinkedIn,linkedin.com,https://linkedin.com/session,same_origin,False,0,firebase_app_linkedin_0149.html,896bef6e2f3663e728f07f5d3ec96ced25d05c828d2a3713bcf62ec1debf866d,11400
0,vercel_app,vercel.app,LinkedIn,linkedin.com,https://linkedin.com/auth,same_origin,False,0,vercel_app_linkedin_0150.html,1e0418695800df48f32346b2fc13f32773f86383a2fe18707b41d8db1031f8b5,11397
0,github_io,github.io,Facebook,facebook.com,https://facebook.com,same_origin,False,0,github_io_facebook_0151.html,dd75d2f6e6da308dad35691e730c0cd99401ad880bbaff02cdb88fa1fcbf9061,12097
0,github_io,github.io,Amazon,amazon.com,https://amazon.com/signin,same_origin,False,0,github_io_amazon_0152.html,9004b94fbeb1e2de769109cffaac9a554214933ab8fa822c527a4762db81ac06,547596
0,netlify_app,netlify.app,Amazon,amazon.com,https://amazon.com/signin,same_origin,False,0,netlify_app_amazon_0153.html,7bc49fecdb63e98904eb99cf35327deab0b06225294402c234431c052c3981c6,547596
0,vercel_app,vercel.app,Amazon,amazon.com,https://amazon.com/auth,same_origin,False,0,vercel_app_amazon_0154.html,d751c7941ab77ab81c441fd024a9cd6363f3495e60d7ff52b9e458326fb00d25,547594
0,netlify_app,netlify.app,Amazon,amazon.com,https://amazon.com/auth,same_origin,False,0,netlify_app_amazon_0155.html,c2dfbff4916033c4a24825b9ac1d66649a902a75bed9153dba8eee552cffcf3d,547594
0,netlify_app,netlify.app,Twitter,twitter.com,https://twitter.com/session,same_origin,False,0,netlify_app_twitter_0156.html,822845def85fa8911b70d23b7bc51e44105edca4f12aa032efedd9c469784a78,10951
0,vercel_app,vercel.app,LinkedIn,linkedin.com,https://linkedin.com/session,same_origin,False,0,vercel_app_linkedin_0157.html,d7b25e227587089c0b56b63e3167118e89c02820a4432e5c56cf64456c482bda,11400
0,firebase_app,firebaseapp.com,LinkedIn,linkedin.com,https://linkedin.com/login,same_origin,False,0,firebase_app_linkedin_0158.html,1e2f9c386f52e3f6146c8fdde150fc7eaff3e5eea97f8cca344ac924b1753fec,11398
0,github_io,github.io,LinkedIn,linkedin.com,https://linkedin.com/auth,same_origin,False,0,github_io_linkedin_0159.html,1755b5124f911db3d4a5dec666396d64254bb468d87686dc5d854d0f42dd3ecb,11397
0,github_io,github.io,LinkedIn,linkedin.com,https://linkedin.com/signin,same_origin,False,0,github_io_linkedin_0160.html,e70d7fb82e247ce7e81f7652634e5c5d9a4c47702da4f2995df7b2a56410ea71,11399
0,vercel_app,vercel.app,Facebook,facebook.com,https://facebook.com/signin,same_origin,False,0,vercel_app_facebook_0161.html,c29855162bbc1e19b3bec3f63d86ddbced6e54be47bce084965f2b6eab415f07,12104
0,netlify_app,netlify.app,Facebook,facebook.com,https://facebook.com,same_origin,False,0,netlify_app_facebook_0162.html,ce60052e67da4d7f66d9c213b4beb7ada1b09ea44719feaa9b28ff4c83b4afa8,12097
0,github_io,github.io,Twitter,twitter.com,https://twitter.com/session,same_origin,False,0,github_io_twitter_0163.html,d93dab7299e54a0e742333b9dccd0266d893745540970b391274d14aed6780d3,10951
0,pages_dev,pages.dev,Amazon,amazon.com,https://amazon.com,same_origin,False,0,pages_dev_amazon_0164.html,02199f9ae2df0e0261b5883c697e6e085ee00a984916fb841b0703f9d56e7ab5,547589
0,pages_dev,pages.dev,LinkedIn,linkedin.com,https://linkedin.com/signin,same_origin,False,0,pages_dev_linkedin_0165.html,0472328f5a2709c5755bfe4e039ecf8b18a6db474ff4d61557d24e0acc4d0791,11399
0,netlify_app,netlify.app,Amazon,amazon.com,https://amazon.com/auth,same_origin,False,0,netlify_app_amazon_0166.html,82b368206d131cf84799b861689a3e1699ad39872257289b1aa7ef220bf294fc,547594
0,github_io,github.io,Facebook,facebook.com,https://facebook.com/signin,same_origin,False,0,github_io_facebook_0167.html,35dd26c00f2dce4b3a5e29f8dbae5d1776210f0014a9f4b5a40627d6d664489e,12104
0,pages_dev,pages.dev,Twitter,twitter.com,https://twitter.com/login,same_origin,False,0,pages_dev_twitter_0168.html,527071939818f82e1f9a1997c99f18cec4bdfc1082e3c3376169496e03b1bb66,10949
0,vercel_app,vercel.app,Amazon,amazon.com,https://amazon.com/session,same_origin,False,0,vercel_app_amazon_0169.html,3a06680f0a39713f04f3ab0b87b2e144c6f6136253170f006993470547354bf8,547597
0,vercel_app,vercel.app,Twitter,twitter.com,https://twitter.com/session,same_origin,False,0,vercel_app_twitter_0170.html,0709ca02471547f5e0d18cf8e1b6b321dff45840e27b5f6ae312d94558b49ce6,10951
0,github_io,github.io,Facebook,facebook.com,https://facebook.com/auth,same_origin,False,0,github_io_facebook_0171.html,5c69f64603b324e6185743dec5b1fa8a24e32107abd11df63f73264bc1e702b7,12102
0,firebase_app,firebaseapp.com,Twitter,twitter.com,https://twitter.com/login,same_origin,False,0,firebase_app_twitter_0172.html,0e1efccdda45a9d4991c16f9ac191fb38cffe87c3c737ed5ee2ca50fc758b38c,10949
0,netlify_app,netlify.app,Twitter,twitter.com,https://twitter.com/session,same_origin,False,0,netlify_app_twitter_0173.html,0a29faa1e0c98f63840f0b46dbdcfc0c53b81bff30f460096664ea58c98ce9ae,10951
0,pages_dev,pages.dev,Facebook,facebook.com,https://facebook.com/signin,same_origin,False,0,pages_dev_facebook_0174.html,2e76efdfd6daba5383f8bcddbb7ba2f2000ad19e57d7fd7e57acf6a60ff59c9b,12104
0,github_io,github.io,LinkedIn,linkedin.com,https://linkedin.com/signin,same_origin,False,0,github_io_linkedin_0175.html,b67dc641f96eb323281d36d3302a214f271d702710a95855e8982165c5065e6f,11399
0,pages_dev,pages.dev,Facebook,facebook.com,https://facebook.com/session,same_origin,False,0,pages_dev_facebook_0176.html,ccb32d199cf1ea0803edeb6184a358d6bbaa478994340664f0f0d173ae6e2c54,12105
0,pages_dev,pages.dev,Amazon,amazon.com,https://amazon.com/auth,same_origin,False,0,pages_dev_amazon_0177.html,aad97b3df400aec32d2eac67b08d87a25155cbe7ca9b3108d33246f3271bb3f5,547594
0,vercel_app,vercel.app,LinkedIn,linkedin.com,https://linkedin.com/auth,same_origin,False,0,vercel_app_linkedin_0178.html,609afd1dea3289700d2314d9ccb51725f741271da3f813c6e63946b13eb2eb59,11397
0,vercel_app,vercel.app,Twitter,twitter.com,https://twitter.com/session,same_origin,False,0,vercel_app_twitter_0179.html,bec8a6bf7d9142c31ffcda60653f9a7160073ba1da747be19ec89f199b96ffe9,10951
0,github_io,github.io,Twitter,twitter.com,https://twitter.com/session,same_origin,False,0,github_io_twitter_0180.html,793bd59141bdade317920db837c792c52f68acaeb12d1dfd9ea1947a6963d318,10951
0,netlify_app,netlify.app,Amazon,amazon.com,https://amazon.com,same_origin,False,0,netlify_app_amazon_0181.html,83e556aa43377f680a4abed9983de7de7af5cdcb01a24a792ef54961f5c9f8b7,547589
0,pages_dev,pages.dev,Twitter,twitter.com,https://twitter.com/session,same_origin,False,0,pages_dev_twitter_0182.html,f092576e510511272d78b4dd0b1d4bbe446137a439917b692553539a91ebfb39,10951
0,vercel_app,vercel.app,Twitter,twitter.com,https://twitter.com/session,same_origin,False,0,vercel_app_twitter_0183.html,501be64542bc8e415e70cdba8eb215e959cbfc755225e4baaf6007d0e7cd5807,10951
0,github_io,github.io,LinkedIn,linkedin.com,https://linkedin.com/session,same_origin,False,0,github_io_linkedin_0184.html,35d6816e3ced18c8c0ffb49dc788bf6443af5247ecb1ac18d9b743b015983b3c,11400
0,netlify_app,netlify.app,LinkedIn,linkedin.com,https://linkedin.com/login,same_origin,False,0,netlify_app_linkedin_0185.html,62ab4cf2b550cc24902106d297ee3e730a90fe7d381ce464e06f3ad2465dd433,11398
0,firebase_app,firebaseapp.com,Amazon,amazon.com,https://amazon.com/signin,same_origin,False,0,firebase_app_amazon_0186.html,0e5811b0dc42aee3da9f5a36aef9ade26c8993c1b84b45c751d704b34d2a3f30,547596
0,firebase_app,firebaseapp.com,Amazon,amazon.com,https://amazon.com,same_origin,False,0,firebase_app_amazon_0187.html,493aabceb59a5e221e0c78a32f201b334790ca523f44740ac4e0547a350307df,547589
0,vercel_app,vercel.app,Amazon,amazon.com,https://amazon.com/auth,same_origin,False,0,vercel_app_amazon_0188.html,086ddd25b81f379601ec0df1e680ff392c6740402a387856c0a63284596b12c3,547594
0,pages_dev,pages.dev,Amazon,amazon.com,https://amazon.com/session,same_origin,False,0,pages_dev_amazon_0189.html,200d5bfa8f47de97f914bdb777b31650682e6a88f16e4e6f3b593cf13de12835,547597
0,firebase_app,firebaseapp.com,LinkedIn,linkedin.com,https://linkedin.com/session,same_origin,False,0,firebase_app_linkedin_0190.html,11859a4e21324e46d255f8077f5a2936d5766814d4a7b729cbbaacfe074279b8,11400
0,firebase_app,firebaseapp.com,Facebook,facebook.com,https://facebook.com,same_origin,False,0,firebase_app_facebook_0191.html,c7208ba8db2238f99e13aafadc74d298760691f6fe58730f4ac1a1324e4b054a,12097
0,github_io,github.io,Amazon,amazon.com,https://amazon.com/signin,same_origin,False,0,github_io_amazon_0192.html,de69af86927d5ed23f9448304682d26fc288f08b0ea7787b0c39413444ab8390,547596
0,firebase_app,firebaseapp.com,Facebook,facebook.com,https://facebook.com,same_origin,False,0,firebase_app_facebook_0193.html,1bffa4f03e765f3d4ebeeaef48078a543287a27d5cf6e71adc9f63e03c65a474,12097
0,pages_dev,pages.dev,Amazon,amazon.com,https://amazon.com/signin,same_origin,False,0,pages_dev_amazon_0194.html,17f1c4f253810a550e2402ba97c1bb8dac1c950be8258c462365b0a89fee2198,547596
0,firebase_app,firebaseapp.com,Facebook,facebook.com,https://facebook.com/signin,same_origin,False,0,firebase_app_facebook_0195.html,01b8231800611f2994727426e068b3ab6e05433eed060bbd4a78d6e69b247286,12104
0,firebase_app,firebaseapp.com,Facebook,facebook.com,https://facebook.com/session,same_origin,False,0,firebase_app_facebook_0196.html,9fd2dfe5cce20cb4ae1a2e0f8f0008b60aa93659b094b818039729d1e36be608,12105
0,vercel_app,vercel.app,LinkedIn,linkedin.com,https://linkedin.com/auth,same_origin,False,0,vercel_app_linkedin_0197.html,7e42766861e21cf498a87edf32558b88d7e414479691449f0827189bf3c0d165,11397
0,netlify_app,netlify.app,LinkedIn,linkedin.com,https://linkedin.com/signin,same_origin,False,0,netlify_app_linkedin_0198.html,ea7635436a09bf46bc5f7569c2503ddb9395186c716929f66d73451ae1661baf,11399
0,pages_dev,pages.dev,LinkedIn,linkedin.com,https://linkedin.com/signin,same_origin,False,0,pages_dev_linkedin_0199.html,ae76ad80a93bf20f12fe95d6a7c55a6847e93dcca50f1470088e4249438be23b,11399
0,netlify_app,netlify.app,Facebook,facebook.com,https://facebook.com/auth,same_origin,False,0,netlify_app_facebook_0200.html,7d75131e159502b5c9e50ce188ac6508731463761851bdeb180dd38638b7c33d,12102
0,firebase_app,firebaseapp.com,Amazon,amazon.com,https://amazon.com/signin,same_origin,False,0,firebase_app_amazon_0201.html,45616090d667b8c295e5a26cc4587967ac74bf0887377f2f5efef837b0e5ff1e,547596
0,github_io,github.io,Facebook,facebook.com,https://facebook.com/auth,same_origin,False,0,github_io_facebook_0202.html,4192785182c99555f0ca3beb973f268e36eea5a2e9bddf1892deace76347cbc2,12102
0,firebase_app,firebaseapp.com,Facebook,facebook.com,https://facebook.com/session,same_origin,False,0,firebase_app_facebook_0203.html,6ae945d34b4cb07b7013ca31aed0ea27e3d1b5d992df200e5641e41c32a81d7f,12105
0,github_io,github.io,Facebook,facebook.com,https://facebook.com/signin,same_origin,False,0,github_io_facebook_0204.html,046443245fced3ecefc379b9b6da32ec53a4524eb966ffe87a392a42b80eaea2,12104
0,vercel_app,vercel.app,LinkedIn,linkedin.com,https://linkedin.com/signin,same_origin,False,0,vercel_app_linkedin_0205.html,cbdd93f7e264323913963b974bf96ac4e8b9efb3e9725ca6f804acd729e7d3a1,11399
0,vercel_app,vercel.app,LinkedIn,linkedin.com,https://linkedin.com,same_origin,False,0,vercel_app_linkedin_0206.html,3c382491b9fbf35663b0f644bcfd512715e825fc5e97b72b11df9fc9e1ac7e58,11392
0,github_io,github.io,LinkedIn,linkedin.com,https://linkedin.com/auth,same_origin,False,0,github_io_linkedin_0207.html,0ce7deaff0746c9e98fb2e574b8905f05e2314dc541d7edfe7ec185e37198aed,11397
0,github_io,github.io,Amazon,amazon.com,https://amazon.com/login,same_origin,False,0,github_io_amazon_0208.html,69297189b4b16e9750f9cb41dd9547f5e8a81e1373a6762db395a595641519b6,547595
0,vercel_app,vercel.app,Amazon,amazon.com,https://amazon.com/signin,same_origin,False,0,vercel_app_amazon_0209.html,b5301693f090b6e4d3419de6641edddf902b9967d284144b00e5679a3663d01e,547596
0,firebase_app,firebaseapp.com,Facebook,facebook.com,https://facebook.com/auth,same_origin,False,0,firebase_app_facebook_0210.html,1fc7e072561c2531cef9d3db8cdf453e60efbc4636119389e431f0e64b548ae9,12102
0,firebase_app,firebaseapp.com,Facebook,facebook.com,https://facebook.com/signin,same_origin,False,0,firebase_app_facebook_0211.html,d1fe39bd39bef245e61dde52f1998746e29458e41c9213fe9e6ebb8b9d37ea0e,12104
0,github_io,github.io,Twitter,twitter.com,https://twitter.com/auth,same_origin,False,0,github_io_twitter_0212.html,9efaeaed1be9e76ea31af168c3e96ea3e816784e12f1a4bd6dfbd9b0e1811727,10948
0,netlify_app,netlify.app,Twitter,twitter.com,https://twitter.com,same_origin,False,0,netlify_app_twitter_0213.html,44b49a41d4ec31e168924022e7cde1a7760058f49fbda14892bbdd3f8ff81d4f,10943
0,vercel_app,vercel.app,Twitter,twitter.com,https://twitter.com/signin,same_origin,False,0,vercel_app_twitter_0214.html,9fc7ded9ae4188e8570b71ea7d1e3556bbf50f9c785c51507b2b2da9c96c6764,10950
0,vercel_app,vercel.app,Twitter,twitter.com,https://twitter.com/signin,same_origin,False,0,vercel_app_twitter_0215.html,cccd9a09cb3e9a3bd00734e893398fc55c1994590360a66c8462c423d76f6835,10950
0,vercel_app,vercel.app,Facebook,facebook.com,https://facebook.com/auth,same_origin,False,0,vercel_app_facebook_0216.html,f0f8cfe0f2dd0095170870fb31808eb24209c04fc9b4abcde1661d43984a15e0,12102
0,firebase_app,firebaseapp.com,LinkedIn,linkedin.com,https://linkedin.com/auth,same_origin,False,0,firebase_app_linkedin_0217.html,6da071aaff7ecf64feaf6452d23fae6cd898a9df4d3479098bdb1d5cf24a82c5,11397
0,netlify_app,netlify.app,LinkedIn,linkedin.com,https://linkedin.com/auth,same_origin,False,0,netlify_app_linkedin_0218.html,e1167176ef2d9d823c463a14369087412d2056a4ed34aaf776512cf09f74a1de,11397
0,firebase_app,firebaseapp.com,LinkedIn,linkedin.com,https://linkedin.com,same_origin,False,0,firebase_app_linkedin_0219.html,1f7a29eaa85bfaa54d84fcfbcbf83e256fa7017c3e8d264763816d4e392d2191,11392
0,github_io,github.io,LinkedIn,linkedin.com,https://linkedin.com/auth,same_origin,False,0,github_io_linkedin_0220.html,29787139dd57df59ba2f145285de4c26469c13a533b053434e09cd5d4d3eac95,11397
0,github_io,github.io,Twitter,twitter.com,https://twitter.com/session,same_origin,False,0,github_io_twitter_0221.html,678fca833951b4a03cb925bde1dbbf85d2c726e8976d3b1251e0807eff5c2cd0,10951
0,firebase_app,firebaseapp.com,Amazon,amazon.com,https://amazon.com/signin,same_origin,False,0,firebase_app_amazon_0222.html,a2fd3813e76893bb081dde458337adceeb7df64d3b37b760360d5992f36da0b4,547596
0,vercel_app,vercel.app,Twitter,twitter.com,https://twitter.com,same_origin,False,0,vercel_app_twitter_0223.html,ed567e525c64f796cb4ca11a54e1d91115e19ca7eb5fe749f18c299edc4003b0,10943
0,netlify_app,netlify.app,Amazon,amazon.com,https://amazon.com/session,same_origin,False,0,netlify_app_amazon_0224.html,29f8ee73bc64ac92933bd2260d1ab499583f932c157a518dbf16220a8c0318c0,547597
0,github_io,github.io,LinkedIn,linkedin.com,https://linkedin.com/login,same_origin,False,0,github_io_linkedin_0225.html,dc06ced9196885d0f56d278cec9dca2b49b999eefa3a217fb2803d1ba67dd11c,11398
0,firebase_app,firebaseapp.com,Amazon,amazon.com,https://amazon.com/login,same_origin,False,0,firebase_app_amazon_0226.html,90dbed36a539df97b42ead154f201a31a0984717fe3bcb4556d89d3c96b7f863,547595
0,github_io,github.io,Twitter,twitter.com,https://twitter.com/signin,same_origin,False,0,github_io_twitter_0227.html,72a5911ad6ec31dacbdc7353cb723880a3b4c55a5637cc1b05290196a4e20d29,10950
0,pages_dev,pages.dev,Facebook,facebook.com,https://facebook.com/signin,same_origin,False,0,pages_dev_facebook_0228.html,8342b17159a562a4ef33587fc957745dc703d4cf4239706e55850416e2162f07,12104
0,pages_dev,pages.dev,Facebook,facebook.com,https://facebook.com/auth,same_origin,False,0,pages_dev_facebook_0229.html,0dc4261fb5c5758537cf43523b5d2dd95a703668566a209f4059be831d4083cf,12102
0,github_io,github.io,Twitter,twitter.com,https://twitter.com/session,same_origin,False,0,github_io_twitter_0230.html,63e36d1db5ec52f142b431d47428c8173bfab35d75a62aa8eedf2d076c19385a,10951
0,firebase_app,firebaseapp.com,Facebook,facebook.com,https://facebook.com/auth,same_origin,False,0,firebase_app_facebook_0231.html,78e2dc625f9309cd16825fb5407b2ea71350384d5cf38e64b6dc8d99de24c886,12102
0,netlify_app,netlify.app,Facebook,facebook.com,https://facebook.com,same_origin,False,0,netlify_app_facebook_0232.html,9da7b08e018fcfe577b67b66c562d416768d065e11e82b2c9b75d72e12902a34,12097
0,vercel_app,vercel.app,Twitter,twitter.com,https://twitter.com/signin,same_origin,False,0,vercel_app_twitter_0233.html,e6be9cc720ba4c848d40379bae4144a7b4b64d9cffd7eedff7bd6d43c256003a,10950
0,github_io,github.io,Facebook,facebook.com,https://facebook.com/login,same_origin,False,0,github_io_facebook_0234.html,8d6b6149201d2f4b77cd1f3801b0709a317531af8187d4d540da987c55fac3a6,12103
0,pages_dev,pages.dev,Facebook,facebook.com,https://facebook.com/auth,same_origin,False,0,pages_dev_facebook_0235.html,1f17d6cdf3aa7ebd4ba2b486229b59851d2f4ca2c0e0f865571c19e2c62d89dc,12102
0,firebase_app,firebaseapp.com,Twitter,twitter.com,https://twitter.com/signin,same_origin,False,0,firebase_app_twitter_0236.html,edcdae0f84520be6a7333f1e3dc06160768e2f1a10ffe588f9fedc345ee38962,10950
0,firebase_app,firebaseapp.com,Twitter,twitter.com,https://twitter.com/login,same_origin,False,0,firebase_app_twitter_0237.html,b95aea23a864d9d857945f9a32f0c2d01a8d3e8de7e284b64039af2b46382003,10949
0,vercel_app,vercel.app,LinkedIn,linkedin.com,https://linkedin.com/signin,same_origin,False,0,vercel_app_linkedin_0238.html,a27b8f8ac110dac1188afe69d5659c79904f1fad61472a58b3b93959b8d218fc,11399
0,pages_dev,pages.dev,Facebook,facebook.com,https://facebook.com/auth,same_origin,False,0,pages_dev_facebook_0239.html,a711d87ec37af75ccaa216a427f9891d34569a5a243da1e0ecaefd85b255c75a,12102
0,netlify_app,netlify.app,Amazon,amazon.com,https://amazon.com/session,same_origin,False,0,netlify_app_amazon_0240.html,8e8c278d8a90e29232919812cfaf34434b5c7b04fe9f9c4c4d77780fa312a42b,547597
0,netlify_app,netlify.app,LinkedIn,linkedin.com,https://linkedin.com/session,same_origin,False,0,netlify_app_linkedin_0241.html,e75432ece5a1034b99e627db57f5d931d6bbb0c2da296ea3e21b4d5a72978588,11400
0,firebase_app,firebaseapp.com,Twitter,twitter.com,https://twitter.com/auth,same_origin,False,0,firebase_app_twitter_0242.html,7ffbb2a99ac76f9dfda8f8ecde5b2c8135ce3d1bf54d17a1629140354e05ed0a,10948
0,github_io,github.io,LinkedIn,linkedin.com,https://linkedin.com,same_origin,False,0,github_io_linkedin_0243.html,ea1a7127856dec508cd68ec672bae3e93a1fba28ac31986b00a8584ac0bca2ea,11392
0,vercel_app,vercel.app,LinkedIn,linkedin.com,https://linkedin.com/auth,same_origin,False,0,vercel_app_linkedin_0244.html,5b77811b3b3e662ac632221dc0f89090ab32587ac98858ad8386ba2bc91ccb2b,11397
0,github_io,github.io,Facebook,facebook.com,https://facebook.com,same_origin,False,0,github_io_facebook_0245.html,542730479a632dde14f066a8427aa85034c3f7772bb18b8eaa4a939a9818972e,12097
0,github_io,github.io,Amazon,amazon.com,https://amazon.com/signin,same_origin,False,0,github_io_amazon_0246.html,bc23b9dfe60cdcfe2fbd17655d4e2f4787dc8e3a1a7edb193ae640a6ced323d1,547596
0,vercel_app,vercel.app,Twitter,twitter.com,https://twitter.com/session,same_origin,False,0,vercel_app_twitter_0247.html,10847b8f3870005a27cd5c5d6e83577735dc60a7f13642f4e4a1720914592ff9,10951
0,pages_dev,pages.dev,LinkedIn,linkedin.com,https://linkedin.com,same_origin,False,0,pages_dev_linkedin_0248.html,5938e116fa05fe3f833136ad81b8c19af061f3ea183a57e3111a5d28e4e7fe75,11392
0,firebase_app,firebaseapp.com,LinkedIn,linkedin.com,https://linkedin.com/auth,same_origin,False,0,firebase_app_linkedin_0249.html,cfbb338cb9d957946c9836cf687c275c1c81ed2360416d5c59878eba42b9be91,11397
0,firebase_app,firebaseapp.com,Facebook,facebook.com,https://facebook.com/auth,same_origin,False,0,firebase_app_facebook_0250.html,8ef2f43cbb8d2a4c17c5d5676b1b9066321db1d5c0d1092530ba2a74d53984fb,12102
0,firebase_app,firebaseapp.com,Facebook,facebook.com,https://facebook.com,same_origin,False,0,firebase_app_facebook_0251.html,afb32729b8e33b65785b7c7180ddddc6f545143d6ebfcf3307e0b4365b6a7de3,12097
0,netlify_app,netlify.app,Twitter,twitter.com,https://twitter.com/signin,same_origin,False,0,netlify_app_twitter_0252.html,785a8c1c951e00a1e21106f2da00b8790601c4b197fa3c3c99aa6eda2babb097,10950
0,vercel_app,vercel.app,Amazon,amazon.com,https://amazon.com/login,same_origin,False,0,vercel_app_amazon_0253.html,373afb8f9ddfbe9cd34f46eecdeee26a91a3be3c01379de487012da2ccb5cda7,547595
0,firebase_app,firebaseapp.com,Facebook,facebook.com,https://facebook.com/login,same_origin,False,0,firebase_app_facebook_0254.html,fc4e7b6080e51842941590ef9d675cac299d14445f30b64814e27f2908638ffc,12103
0,github_io,github.io,Twitter,twitter.com,https://twitter.com/signin,same_origin,False,0,github_io_twitter_0255.html,27f3b199de8b07e8d852f247c30002d8fdaff4b37bf79dc6a08319eba1b8d20e,10950
0,pages_dev,pages.dev,Amazon,amazon.com,https://amazon.com,same_origin,False,0,pages_dev_amazon_0256.html,2c4e863f9fec3828d66b2eb03602e5b735a7d1e051a4f8e8d17490143952bca7,547589
0,vercel_app,vercel.app,Facebook,facebook.com,https://facebook.com/signin,same_origin,False,0,vercel_app_facebook_0257.html,1b0de054f14a6755d5fbb8811c839c44e267af45416e3d8d89ed6906dd361374,12104
0,vercel_app,vercel.app,Amazon,amazon.com,https://amazon.com/login,same_origin,False,0,vercel_app_amazon_0258.html,a43853d02c4f044a5686a5ba3d8f4ad6b0239e240dbf2d2a56e433743e483f1a,547595
0,github_io,github.io,Facebook,facebook.com,https://facebook.com/signin,same_origin,False,0,github_io_facebook_0259.html,c2846702632aca0038d55d39e91aee771d1b8acaf8fd4adb93ae9686722f5aa0,12104
0,firebase_app,firebaseapp.com,Facebook,facebook.com,https://facebook.com/auth,same_origin,False,0,firebase_app_facebook_0260.html,996c3102daec3b6af84f540425ee990c4b16810fbbc96f3433e78bb5df716fcc,12102
0,vercel_app,vercel.app,LinkedIn,linkedin.com,https://linkedin.com/login,same_origin,False,0,vercel_app_linkedin_0261.html,ba6c4b68160d07b99569a9c9fe89f35b93a45b43068cb8d51ccc141e6f68ee4e,11398
0,vercel_app,vercel.app,LinkedIn,linkedin.com,https://linkedin.com,same_origin,False,0,vercel_app_linkedin_0262.html,3d6a915f0c9b6399283bd195d058d68bca202d5ef8d4d2e819a8302aa321eea5,11392
0,pages_dev,pages.dev,LinkedIn,linkedin.com,https://linkedin.com/auth,same_origin,False,0,pages_dev_linkedin_0263.html,1c09f8605ce39446258c0c2b986cc1bd8de61483d3b794479a77567c54f50f0a,11397
0,pages_dev,pages.dev,Amazon,amazon.com,https://amazon.com/session,same_origin,False,0,pages_dev_amazon_0264.html,4fb93f7e754b9cb1c117528675b7182d562a3678d8e04045573dabcfd9bccea4,547597
0,github_io,github.io,Facebook,facebook.com,https://facebook.com/session,same_origin,False,0,github_io_facebook_0265.html,237e36222cd01e9c7751f171d7bf3279df553d3382e99b974652a144b2bd091a,12105
0,firebase_app,firebaseapp.com,Facebook,facebook.com,https://facebook.com/auth,same_origin,False,0,firebase_app_facebook_0266.html,355f387c744e05004ef72cc418eb97d14067f535173826fa8c662fd2dae2d4d1,12102
0,vercel_app,vercel.app,Facebook,facebook.com,https://facebook.com/login,same_origin,False,0,vercel_app_facebook_0267.html,bf32acc5589897e838e5bdb6f52e1beb8826fcdd284a0263274436cac5aceb46,12103
0,vercel_app,vercel.app,Twitter,twitter.com,https://twitter.com,same_origin,False,0,vercel_app_twitter_0268.html,999233d256963c81b82a5b35ca98de4a604d79e7ff4d676177143fa6c6607865,10943
0,github_io,github.io,Facebook,facebook.com,https://facebook.com/login,same_origin,False,0,github_io_facebook_0269.html,304733f0ad4c05c37b538cbfb46bf06645bda06ea87529791d6c773c322805c5,12103
0,pages_dev,pages.dev,Facebook,facebook.com,https://facebook.com/signin,same_origin,False,0,pages_dev_facebook_0270.html,d2a0c0d61fc91b696970577c16467e7ec6a5971dc7013ae9e75f812f455a5774,12104
0,github_io,github.io,Twitter,twitter.com,https://twitter.com,same_origin,False,0,github_io_twitter_0271.html,8a154ea02445eb1d2da4daea8037d39f05160df22d33a21e7e176491614b01f7,10943
0,netlify_app,netlify.app,Amazon,amazon.com,https://amazon.com/session,same_origin,False,0,netlify_app_amazon_0272.html,e4ceb575d6945707a755ed981e329963b7bf0406dfe4a486864504eee599f635,547597
0,github_io,github.io,LinkedIn,linkedin.com,https://linkedin.com/signin,same_origin,False,0,github_io_linkedin_0273.html,d31776ec3ef99aa95f37f899c9d56c49eb35a0688bf532e9f93748d33cf0a8c5,11399
0,github_io,github.io,Twitter,twitter.com,https://twitter.com/auth,same_origin,False,0,github_io_twitter_0274.html,aa690ee0b609f3441bd49e876154f732973742d86b988fabc07890ee13501777,10948
0,pages_dev,pages.dev,LinkedIn,linkedin.com,https://linkedin.com/auth,same_origin,False,0,pages_dev_linkedin_0275.html,0d671350ace1d579903eb380ad98bb224626895566606db834a6d19878535506,11397
0,firebase_app,firebaseapp.com,Amazon,amazon.com,https://amazon.com/auth,same_origin,False,0,firebase_app_amazon_0276.html,5d2a5b7840e781c777bffdbc2deeaedddf632444d1339daedc58740fc00544f9,547594
0,github_io,github.io,Amazon,amazon.com,https://amazon.com/signin,same_origin,False,0,github_io_amazon_0277.html,0378b43ec1f19a36bc5a741fe46f9bee51c49c8ad7ec50415795eef34b0315a3,547596
0,github_io,github.io,Facebook,facebook.com,https://facebook.com/auth,same_origin,False,0,github_io_facebook_0278.html,39c09415157f37459a1d47b5054c5c1f7c054ecfb2fadd1c33eacfdea38d2cc9,12102
0,netlify_app,netlify.app,LinkedIn,linkedin.com,https://linkedin.com/auth,same_origin,False,0,netlify_app_linkedin_0279.html,22d8b37b62a4ce5a87a1f74c03ae615fe5d169d817102dfb5cb01755503a1728,11397
0,github_io,github.io,LinkedIn,linkedin.com,https://linkedin.com/signin,same_origin,False,0,github_io_linkedin_0280.html,f3ece132f9ec3e3d3b26aa6c2c2780301fffc8893f32310426d206f78bc24b75,11399
0,vercel_app,vercel.app,Twitter,twitter.com,https://twitter.com,same_origin,False,0,vercel_app_twitter_0281.html,4e14c0a6b265015b6feef5a542fc569a51fd2aa7aea8821d1ae578d7233d26ef,10943
0,pages_dev,pages.dev,LinkedIn,linkedin.com,https://linkedin.com/auth,same_origin,False,0,pages_dev_linkedin_0282.html,ceb7f5ec0cdc9d3d3aac94c23976c6db079138371b331b4f5256293ece5a0c99,11397
0,netlify_app,netlify.app,Amazon,amazon.com,https://amazon.com/session,same_origin,False,0,netlify_app_amazon_0283.html,15626f582b4e87e9fc30272385aed1ab6aa3b3f5c196d4014f95cd70fd666472,547597
0,netlify_app,netlify.app,Twitter,twitter.com,https://twitter.com/login,same_origin,False,0,netlify_app_twitter_0284.html,0df174cb90de7f0f335545d3a8eacd420f0ab9fcd2d37f039200e68eb03dd1af,10949
0,firebase_app,firebaseapp.com,Amazon,amazon.com,https://amazon.com/session,same_origin,False,0,firebase_app_amazon_0285.html,5b82d800422b7048be9b742d27e22b0f812bad1c636b450d4f57dba237ec783d,547597
0,pages_dev,pages.dev,LinkedIn,linkedin.com,https://linkedin.com,same_origin,False,0,pages_dev_linkedin_0286.html,0333d9702b6b7b3b45b40d0d0324ead6f55d0db55446d38bf61fd2ecc5cbe8c9,11392
0,vercel_app,vercel.app,Amazon,amazon.com,https://amazon.com/login,same_origin,False,0,vercel_app_amazon_0287.html,45cc5f65c4df0c75f206465859275c7f869e0c530af3cb2762db93111d71f86e,547595
0,github_io,github.io,Twitter,twitter.com,https://twitter.com,same_origin,False,0,github_io_twitter_0288.html,f708e9027c0653a5ac73c34a4bba1a55c5416afefe0d1d8aa997ef27a4664b5f,10943
0,github_io,github.io,Twitter,twitter.com,https://twitter.com/signin,same_origin,False,0,github_io_twitter_0289.html,7edd6f7ffa3b0261e0238463c27e8f45d487fd6809fc582439ac8057f1d3afa5,10950
0,pages_dev,pages.dev,Twitter,twitter.com,https://twitter.com/session,same_origin,False,0,pages_dev_twitter_0290.html,d2ffde7ae3021a953c72da0b2c140fb6a3949b176f90451fe38ab02404ab7312,10951
0,vercel_app,vercel.app,LinkedIn,linkedin.com,https://linkedin.com/signin,same_origin,False,0,vercel_app_linkedin_0291.html,d24fb9e461ac3d9333baac96c81906a7ae5f8a020cb0e3a3936f41094c4f3d3a,11399
0,vercel_app,vercel.app,Facebook,facebook.com,https://facebook.com,same_origin,False,0,vercel_app_facebook_0292.html,36dce2a2c0136fa1abd231b457348945069cf38f7567f7e972ef6fb665db9a0a,12097
0,vercel_app,vercel.app,Amazon,amazon.com,https://amazon.com,same_origin,False,0,vercel_app_amazon_0293.html,894c079c790decb9e2c66e543d7383d8e36554825f0e6f3c51cab2e33c4a34c0,547589
0,github_io,github.io,LinkedIn,linkedin.com,https://linkedin.com/login,same_origin,False,0,github_io_linkedin_0294.html,ac62d7fe4272f61401dee3e412ea622834d06d125a0af7bc68677e0789f2240c,11398
0,github_io,github.io,Facebook,facebook.com,https://facebook.com/auth,same_origin,False,0,github_io_facebook_0295.html,607ee60398cb5c9b5fdf051e0eb32afe856c6a3a049c86b357df268d5eb71e2c,12102
0,netlify_app,netlify.app,LinkedIn,linkedin.com,https://linkedin.com/auth,same_origin,False,0,netlify_app_linkedin_0296.html,1cb2d2b7d12a9cafc6ef5cddf4d970f147a18fe5f66f0b2e78687fe15638a5e4,11397
0,pages_dev,pages.dev,Twitter,twitter.com,https://twitter.com/login,same_origin,False,0,pages_dev_twitter_0297.html,62a20b7c45fea2e0bc923d18ccd844262eefb3f78afae5c2c82a8c0c55e93eb7,10949
0,pages_dev,pages.dev,Amazon,amazon.com,https://amazon.com,same_origin,False,0,pages_dev_amazon_0298.html,24d2770f0343628c322b8a0d9bb6bc0f738b60c0d460961f2b2266d0c87e0de7,547589
0,github_io,github.io,Twitter,twitter.com,https://twitter.com/auth,same_origin,False,0,github_io_twitter_0299.html,1752c05849a3642d9b57460eaf08eaa30a6fd1dd97ddb829b61a91f1e57eb615,10948
0,vercel_app,vercel.app,Amazon,amazon.com,https://amazon.com/login,same_origin,False,0,vercel_app_amazon_0300.html,55236da89a4acffdddbd8eb20f89888afc169301bad75f5195413a2355d22481,547595
0,github_io,github.io,LinkedIn,linkedin.com,https://linkedin.com,same_origin,False,0,github_io_linkedin_0301.html,2ee61f08e1eb986633bc975c85af9375a5a9943d8cab01a2a597b68a88b96d89,11392
0,github_io,github.io,Facebook,facebook.com,https://facebook.com/session,same_origin,False,0,github_io_facebook_0302.html,5c445db94b35cf8303f170a1cfd97d93db39e98f06a88e782d5a57ccf947c0dd,12105
0,firebase_app,firebaseapp.com,Twitter,twitter.com,https://twitter.com,same_origin,False,0,firebase_app_twitter_0303.html,12b23fa7150eb736d327332107476ca2efe29550ff6427e9e086b67732b5c7c5,10943
0,vercel_app,vercel.app,Facebook,facebook.com,https://facebook.com/auth,same_origin,False,0,vercel_app_facebook_0304.html,1c47ab682753fc430ac705de35b85808062c34fc42cd23e19f9bb9766dc24d5f,12102
0,github_io,github.io,LinkedIn,linkedin.com,https://linkedin.com/auth,same_origin,False,0,github_io_linkedin_0305.html,4fb34282509171c5d35b8cdc5527c2baa44cc67c0ff1b2e8d9a3a094ff225ba4,11397
0,netlify_app,netlify.app,LinkedIn,linkedin.com,https://linkedin.com/login,same_origin,False,0,netlify_app_linkedin_0306.html,77be8f8bbbd9c31e647bddbcb4e69460066a0c79e10e946d1de5043c3a0244e6,11398
0,vercel_app,vercel.app,Facebook,facebook.com,https://facebook.com,same_origin,False,0,vercel_app_facebook_0307.html,8e47fdbb96c85b6e1f9c9db1fdf5a63705d111c362ef8da657cd54b6977ebd1d,12097
0,vercel_app,vercel.app,Amazon,amazon.com,https://amazon.com/session,same_origin,False,0,vercel_app_amazon_0308.html,245a33dc1f04fad0c8a39a9331e4c38371b101e2286d017349de6171d034d7df,547597
0,pages_dev,pages.dev,Twitter,twitter.com,https://twitter.com,same_origin,False,0,pages_dev_twitter_0309.html,3fa2dfd2d1da59a981909bf246ceff9405c4fe458cf417ea2defc340108411bb,10943
0,github_io,github.io,LinkedIn,linkedin.com,https://linkedin.com,same_origin,False,0,github_io_linkedin_0310.html,8554cb18d7a6aa32c9d1c5dd52acc3509862cd55d573931d7b80e0ee352dcb4b,11392
0,firebase_app,firebaseapp.com,Twitter,twitter.com,https://twitter.com/login,same_origin,False,0,firebase_app_twitter_0311.html,89d8f8aaa216da15b343d3d1ce6d027c7871afe32b06c13f31351c69c66e93df,10949
0,github_io,github.io,Amazon,amazon.com,https://amazon.com,same_origin,False,0,github_io_amazon_0312.html,629cd1f16c772d3418de6a89449d2e280cdaf2ab04e16d052b8afa6567271042,547589
0,pages_dev,pages.dev,Twitter,twitter.com,https://twitter.com,same_origin,False,0,pages_dev_twitter_0313.html,446a38e032db7ab7062820b72d0bedf1f9669e2d7c7a7be56cea6a48d6ed0fdd,10943
0,github_io,github.io,Amazon,amazon.com,https://amazon.com,same_origin,False,0,github_io_amazon_0314.html,27b375fe68f571160b04036bf0af22420060e2a3ce8c94b9b8413b6e61ddb2d1,547589
0,vercel_app,vercel.app,Facebook,facebook.com,https://facebook.com/auth,same_origin,False,0,vercel_app_facebook_0315.html,1130b23d4517255a9bf54f08ee2e4785d72a2c10d40b31853549d817927a0472,12102
0,pages_dev,pages.dev,LinkedIn,linkedin.com,https://linkedin.com/login,same_origin,False,0,pages_dev_linkedin_0316.html,15d0d8e1f7b4bfb5a49c60cc115bd45d937ed5510d498ae8bcae79d9034debdb,11398
0,github_io,github.io,LinkedIn,linkedin.com,https://linkedin.com/login,same_origin,False,0,github_io_linkedin_0317.html,3a518d6eae02fad056145fe0fa0d6e2250b2e5b641be5b591401f2aee4de3a5b,11398
0,vercel_app,vercel.app,Amazon,amazon.com,https://amazon.com/auth,same_origin,False,0,vercel_app_amazon_0318.html,5f94dd1467a7ca6411a197b24fa33153468bb87448b3340b0519ce965d1b4a89,547594
0,github_io,github.io,Twitter,twitter.com,https://twitter.com/login,same_origin,False,0,github_io_twitter_0319.html,0c4c6a23d21d54337ff817fbbee4ab3a3f35ef3428cc3e86b6449e129b8701d9,10949
0,github_io,github.io,Facebook,facebook.com,https://facebook.com/session,same_origin,False,0,github_io_facebook_0320.html,594da127cd8310f4b3d4ec7c853ec292e0ccfa64db49d00b3f54a939e7d48b96,12105
0,pages_dev,pages.dev,LinkedIn,linkedin.com,https://linkedin.com/session,same_origin,False,0,pages_dev_linkedin_0321.html,38466547dd91f952971742ccddedaf40e66b1190120d3bc2cdcc5404802569c9,11400
0,pages_dev,pages.dev,Facebook,facebook.com,https://facebook.com/signin,same_origin,False,0,pages_dev_facebook_0322.html,1cf51135ae4b5eb3956b64dae0390fab780394f2c1dde0863ea27670935ab992,12104
0,github_io,github.io,Amazon,amazon.com,https://amazon.com/session,same_origin,False,0,github_io_amazon_0323.html,67a93c82fda7b2ca510ca8fbd158194a663ca13799c6ef2edd87c4dbad09243d,547597
0,github_io,github.io,Amazon,amazon.com,https://amazon.com/auth,same_origin,False,0,github_io_amazon_0324.html,9962eab6ef0a100fb0f500638cba0b865a2eeec9cc4d9412341071662b72f3e4,547594
0,vercel_app,vercel.app,LinkedIn,linkedin.com,https://linkedin.com/auth,same_origin,False,0,vercel_app_linkedin_0325.html,f7a8915cbc49a8757e072ab60fcd75c8500cc812090e122fae9153ec791533fb,11397
0,pages_dev,pages.dev,Twitter,twitter.com,https://twitter.com/login,same_origin,False,0,pages_dev_twitter_0326.html,e2681cef353a182f4fbf01018f7cd21d85d2b111ea506f3dd51200a79758502a,10949
0,pages_dev,pages.dev,Twitter,twitter.com,https://twitter.com/login,same_origin,False,0,pages_dev_twitter_0327.html,dfedc3b0923970276ec71bc682b659252cdfe9cf3f166063ba66b82a18f2e156,10949
0,github_io,github.io,Facebook,facebook.com,https://facebook.com/session,same_origin,False,0,github_io_facebook_0328.html,a6d9cab388a67902333ba15e120d415394137b5cc4a959a511fabb19dd16185f,12105
0,github_io,github.io,Amazon,amazon.com,https://amazon.com/login,same_origin,False,0,github_io_amazon_0329.html,afaff2f48734a92d33a7cba5b974097593f7366727220ac65d654473ac0aca1c,547595
0,vercel_app,vercel.app,LinkedIn,linkedin.com,https://linkedin.com,same_origin,False,0,vercel_app_linkedin_0330.html,d8032a016471f1ea4d712d84ecb01879eed55430c723d6f83f97d89491e1bbdf,11392
0,netlify_app,netlify.app,LinkedIn,linkedin.com,https://linkedin.com,same_origin,False,0,netlify_app_linkedin_0331.html,3b682c895618be5b9254b7097574cd19116becd2a4093ce98c1835434fe3c5d6,11392
0,firebase_app,firebaseapp.com,Amazon,amazon.com,https://amazon.com/login,same_origin,False,0,firebase_app_amazon_0332.html,51eef659ac158a9c49d4dd9c152169716d6780ea4e3c82f543e5f44d28b33234,547595
0,pages_dev,pages.dev,Twitter,twitter.com,https://twitter.com/auth,same_origin,False,0,pages_dev_twitter_0333.html,f974bceaab70a056a5f63b8357fe9ddcc44cf20cc602ebbbd376515f3e05f818,10948
0,github_io,github.io,Amazon,amazon.com,https://amazon.com/session,same_origin,False,0,github_io_amazon_0334.html,a90ece30d675ca1e34008799d8d3ac1d38885d114d78fd50ba0f8310a1e6a1e3,547597
0,firebase_app,firebaseapp.com,LinkedIn,linkedin.com,https://linkedin.com/login,same_origin,False,0,firebase_app_linkedin_0335.html,4e13159d27153c5bd4d717ad8485f5f70705a383a2ff87dd36b995a1512727f3,11398
0,netlify_app,netlify.app,Facebook,facebook.com,https://facebook.com/session,same_origin,False,0,netlify_app_facebook_0336.html,edfebb8648a0d77d157f2b0c9f18b48b7475f0267581b2c7aa696f557930e707,12105
0,github_io,github.io,Twitter,twitter.com,https://twitter.com/login,same_origin,False,0,github_io_twitter_0337.html,af8ff57c7eedf2550c2cfb56531ac5c97676509f1893d0ab0ff25df1d0d90dd8,10949
0,github_io,github.io,Amazon,amazon.com,https://amazon.com/signin,same_origin,False,0,github_io_amazon_0338.html,278e2514db8f5c410b22e5bd189eaf67920563635435435c9ad94d15662de839,547596
0,firebase_app,firebaseapp.com,Twitter,twitter.com,https://twitter.com,same_origin,False,0,firebase_app_twitter_0339.html,f9bc8da6eebfaa463dfa3b10b1d6d11d54f5dfb25087456e9fe79ea5f0bb724f,10943
0,vercel_app,vercel.app,Amazon,amazon.com,https://amazon.com/signin,same_origin,False,0,vercel_app_amazon_0340.html,d5881d6a6b59de16fc8c3663ca2d40f87a1564d01b382852b1e5cfbe9a47ba66,547596
0,firebase_app,firebaseapp.com,Amazon,amazon.com,https://amazon.com/signin,same_origin,False,0,firebase_app_amazon_0341.html,8a765c9c2b73590b314ce3a8313c687e1b0dc8bfb73c37aeb68b0499f7782747,547596
0,github_io,github.io,Amazon,amazon.com,https://amazon.com,same_origin,False,0,github_io_amazon_0342.html,289f46c07f5aacef21b935a33a30b051b4b75f9a06e01ac08146282286d357a0,547589
0,firebase_app,firebaseapp.com,Facebook,facebook.com,https://facebook.com/signin,same_origin,False,0,firebase_app_facebook_0343.html,5d670155502b3ed09fb8edf8fbcbad7ebc4db8b5ce79afe6fd153e4d19b1b48d,12104
0,vercel_app,vercel.app,LinkedIn,linkedin.com,https://linkedin.com/auth,same_origin,False,0,vercel_app_linkedin_0344.html,93f87167bbd96e38cce072a566dd85a6380e1abb2086a0a4d2fadacd56ee7f2c,11397
0,netlify_app,netlify.app,Facebook,facebook.com,https://facebook.com/session,same_origin,False,0,netlify_app_facebook_0345.html,ee4e2e61d29cc46247b91ab09a7a2326a8e572c341679d476ba0285ba63ea9dd,12105
0,vercel_app,vercel.app,Amazon,amazon.com,https://amazon.com/auth,same_origin,False,0,vercel_app_amazon_0346.html,7f816cc955ff4e7c32810797aa4feda87d67d19a6b20a4e559c5fc00f4a933d5,547594
0,vercel_app,vercel.app,Facebook,facebook.com,https://facebook.com/signin,same_origin,False,0,vercel_app_facebook_0347.html,a1c308b1d94c0d89d2bc60c8f81419f419478f003dac596183a47fef6a0af2e7,12104
0,firebase_app,firebaseapp.com,LinkedIn,linkedin.com,https://linkedin.com/auth,same_origin,False,0,firebase_app_linkedin_0348.html,bc5d111c3696e539784d95d87b142ff68c6d50bc0aa892dce395b740c8ff4b40,11397
0,netlify_app,netlify.app,LinkedIn,linkedin.com,https://linkedin.com/auth,same_origin,False,0,netlify_app_linkedin_0349.html,bc0120c3e0478dd5337c31fee78bc34d7692fb51653980023edd553fcf9e8cbd,11397
0,vercel_app,vercel.app,LinkedIn,linkedin.com,https://linkedin.com/auth,same_origin,False,0,vercel_app_linkedin_0350.html,ae765691dd00630e13b1598e29e6161c17ef1b14b637fd0f1c9ec30c59e2b64f,11397
0,netlify_app,netlify.app,Twitter,twitter.com,https://twitter.com/session,same_origin,False,0,netlify_app_twitter_0351.html,71d45f6b2aa00a1d8278e51ed13f6716e07a0a9b255eeb44c5a57c1b98ee294c,10951
0,netlify_app,netlify.app,Twitter,twitter.com,https://twitter.com/auth,same_origin,False,0,netlify_app_twitter_0352.html,1c402647351f905978fa388d76ce2467558cdd9bd8061f7263ce6da74d373d08,10948
0,github_io,github.io,Amazon,amazon.com,https://amazon.com/login,same_origin,False,0,github_io_amazon_0353.html,631b780875940c95ae930fa7d022db7f5803e09fb3aa84b94418b8006c74531b,547595
0,github_io,github.io,Twitter,twitter.com,https://twitter.com/signin,same_origin,False,0,github_io_twitter_0354.html,e014c8df2d83c2c51c1d114d66c81a9b5c6d021fada3d74aa9fda1f3135622f5,10950
0,firebase_app,firebaseapp.com,LinkedIn,linkedin.com,https://linkedin.com,same_origin,False,0,firebase_app_linkedin_0355.html,1c1955a42e3f36511462a0b8b05a20832c788a258cb5df9ddff9ea69823a68cb,11392
0,pages_dev,pages.dev,Twitter,twitter.com,https://twitter.com/login,same_origin,False,0,pages_dev_twitter_0356.html,f470c9566ca7b7b3c22247ba0523bff0944d1d33991d463a0c6440de55964cc0,10949
0,firebase_app,firebaseapp.com,Twitter,twitter.com,https://twitter.com/auth,same_origin,False,0,firebase_app_twitter_0357.html,f499a57ecb3c219e3ca04bce82b9972d6430d66f5ddbefc620b05f9ed6c804dd,10948
0,vercel_app,vercel.app,Facebook,facebook.com,https://facebook.com/login,same_origin,False,0,vercel_app_facebook_0358.html,4edc8e8ddebc484c504834f795d7a782616d7542cc167925a0a4459758f395e4,12103
0,firebase_app,firebaseapp.com,Facebook,facebook.com,https://facebook.com/login,same_origin,False,0,firebase_app_facebook_0359.html,c2fd205a54099e6cc13219588e449a7fc49410198988dd07efab242c08c4cd39,12103
0,netlify_app,netlify.app,Amazon,amazon.com,https://amazon.com/auth,same_origin,False,0,netlify_app_amazon_0360.html,f617632304629900c49bdd6a3b49b72774fe07392ffdf9f3a464397a36b24ccf,547594
0,vercel_app,vercel.app,Twitter,twitter.com,https://twitter.com,same_origin,False,0,vercel_app_twitter_0361.html,d20ae82b26e93820aa4a470888b400128a14af669f095332ad29a9e0b0097ebc,10943
0,vercel_app,vercel.app,Twitter,twitter.com,https://twitter.com/login,same_origin,False,0,vercel_app_twitter_0362.html,dd2a33142003ff6d5a3a88140bd4580777cd7f4cf5f82350f1ac8a472ba616b4,10949
0,firebase_app,firebaseapp.com,Twitter,twitter.com,https://twitter.com/signin,same_origin,False,0,firebase_app_twitter_0363.html,22e15662e0e07e13369c99c25ca9c7a0dc65ef0a20b62d2ca49639ad1d16805c,10950
0,github_io,github.io,LinkedIn,linkedin.com,https://linkedin.com/signin,same_origin,False,0,github_io_linkedin_0364.html,6565b2fab4fe8db8ca557e95201ab7f68e3746043f32a86d82165b18701052b7,11399
0,firebase_app,firebaseapp.com,LinkedIn,linkedin.com,https://linkedin.com/signin,same_origin,False,0,firebase_app_linkedin_0365.html,e8af6cef53fc8f474a3335a84a3b50d7556701b1f36800493508dba1e826faac,11399
0,vercel_app,vercel.app,Amazon,amazon.com,https://amazon.com/session,same_origin,False,0,vercel_app_amazon_0366.html,3d7f7c41a921989815fab8baa7f75fcc30745a92dc091642789a2efdfdc59954,547597
0,pages_dev,pages.dev,LinkedIn,linkedin.com,https://linkedin.com,same_origin,False,0,pages_dev_linkedin_0367.html,4d42fd720e3aa9f6802ae55ca5def1207637d801d0f404152c10f7d84ad725c6,11392
0,github_io,github.io,Twitter,twitter.com,https://twitter.com,same_origin,False,0,github_io_twitter_0368.html,e7c32f161847c4e69abfeda51139ddfe0b8a55995103199468db3f7e845046b9,10943
0,github_io,github.io,Amazon,amazon.com,https://amazon.com,same_origin,False,0,github_io_amazon_0369.html,fdb75f2e16dbbd687e0395b1d0aaf125d397c5e1459697dfb5ff5686caed8253,547589
0,firebase_app,firebaseapp.com,LinkedIn,linkedin.com,https://linkedin.com/auth,same_origin,False,0,firebase_app_linkedin_0370.html,55bbd9533de19203b1761c078484b9d9729d05d0d351c6a39e782e42f64b7e45,11397
0,firebase_app,firebaseapp.com,LinkedIn,linkedin.com,https://linkedin.com/auth,same_origin,False,0,firebase_app_linkedin_0371.html,9325fbdba01d1343ccd3603b31aa96dbe83127cd27e34f63e9f79ede9e147403,11397
0,github_io,github.io,Amazon,amazon.com,https://amazon.com/login,same_origin,False,0,github_io_amazon_0372.html,289bf90f411ecf9031716e94559efd32887446df57c6e71797bdc8f175db72dc,547595
0,netlify_app,netlify.app,Twitter,twitter.com,https://twitter.com/session,same_origin,False,0,netlify_app_twitter_0373.html,752cab74e2a3e9e447c7bdbe44cee5f752a4598516ec31920d838317b31d5c71,10951
0,firebase_app,firebaseapp.com,Facebook,facebook.com,https://facebook.com/auth,same_origin,False,0,firebase_app_facebook_0374.html,3be130aac5aef149de7687468fdf9a4986d8288d44f3ba9b4261ea1a8cee802a,12102
0,github_io,github.io,Amazon,amazon.com,https://amazon.com/auth,same_origin,False,0,github_io_amazon_0375.html,9f208728be5145fac19afd58cf41b20bdde9360d67fead52a19a9b3ea82441bd,547594
0,github_io,github.io,LinkedIn,linkedin.com,https://linkedin.com/session,same_origin,False,0,github_io_linkedin_0376.html,584f18d3b5fcd58a1ceb4a3687c9dc548fe54b7f62ffb523f30a3f0f9473698e,11400
0,pages_dev,pages.dev,Amazon,amazon.com,https://amazon.com,same_origin,False,0,pages_dev_amazon_0377.html,797dbaf9cf1f5be40e868c459e184885b4e82cfe314d538942410134304c142e,547589
0,pages_dev,pages.dev,Twitter,twitter.com,https://twitter.com/auth,same_origin,False,0,pages_dev_twitter_0378.html,70ae4c80bdbad30fc53915062221d1501087a02e6a5761667bb5eaa943d3d0ee,10948
0,firebase_app,firebaseapp.com,LinkedIn,linkedin.com,https://linkedin.com/auth,same_origin,False,0,firebase_app_linkedin_0379.html,45d92537c88f9c4607caf6d956c7e58b2cbfdac4cc0ba1a006193ace395b5f71,11397
0,firebase_app,firebaseapp.com,Twitter,twitter.com,https://twitter.com/auth,same_origin,False,0,firebase_app_twitter_0380.html,87611bd4f80bf996e2ef46dde1725eb3c6cefa52c93c49b26077c36553245d44,10948
0,vercel_app,vercel.app,LinkedIn,linkedin.com,https://linkedin.com/login,same_origin,False,0,vercel_app_linkedin_0381.html,9d6f407263a517717844e617c67d126240b71caa9f3b39477a19afb14f207bbd,11398
0,github_io,github.io,Twitter,twitter.com,https://twitter.com/auth,same_origin,False,0,github_io_twitter_0382.html,84642bbdc4600763e1b5babe4c4b5f429c2c9be9f47c242548035ddc49a6db63,10948
0,github_io,github.io,Twitter,twitter.com,https://twitter.com/auth,same_origin,False,0,github_io_twitter_0383.html,42a982523f37f6f9149a75166ada1533bae87c29a7c9f19b0054fcf70ead85ef,10948
0,github_io,github.io,LinkedIn,linkedin.com,https://linkedin.com,same_origin,False,0,github_io_linkedin_0384.html,38edc9163a7c575e1c8c19f4dc9881c7d2ee9db804439c5f17ab00981d6ede45,11392
0,pages_dev,pages.dev,LinkedIn,linkedin.com,https://linkedin.com/session,same_origin,False,0,pages_dev_linkedin_0385.html,7f2d60af2f293f0dce4054f395f1ecb8bfe7d8918f5cec849d65023aad402ee7,11400
0,netlify_app,netlify.app,Amazon,amazon.com,https://amazon.com/session,same_origin,False,0,netlify_app_amazon_0386.html,80f68b2ca986297a95063f785a41e62b3e5c9897ea25f8c8500561e624c17727,547597
0,netlify_app,netlify.app,Twitter,twitter.com,https://twitter.com/login,same_origin,False,0,netlify_app_twitter_0387.html,fd9eae585d38e146f6d9061fd9f294a5340a2e18e341d44362e072316919e388,10949
0,firebase_app,firebaseapp.com,Facebook,facebook.com,https://facebook.com,same_origin,False,0,firebase_app_facebook_0388.html,94c5994f409c83a0feff602ef34985d23ca0c22f43d35b63c4d1f87c644db472,12097
0,firebase_app,firebaseapp.com,LinkedIn,linkedin.com,https://linkedin.com,same_origin,False,0,firebase_app_linkedin_0389.html,1a892f0f169b668023ee9c324f7bfd63fdadae3ef7aac8b22564ab3f10dfd392,11392
0,vercel_app,vercel.app,Twitter,twitter.com,https://twitter.com,same_origin,False,0,vercel_app_twitter_0390.html,52010acd0ff1e450ef1bc8c0436b622f099f21acf14b3f1a465eede50bc9bbf1,10943
0,netlify_app,netlify.app,Facebook,facebook.com,https://facebook.com,same_origin,False,0,netlify_app_facebook_0391.html,ed98e094f9d4e9ba724d344eced1381197a742640df389b07525b4f49b798d93,12097
0,pages_dev,pages.dev,Twitter,twitter.com,https://twitter.com,same_origin,False,0,pages_dev_twitter_0392.html,72493a27ac533dae289226be6050e078cd57bb64f76e765926c67f778a24b793,10943
0,github_io,github.io,LinkedIn,linkedin.com,https://linkedin.com/login,same_origin,False,0,github_io_linkedin_0393.html,f077888d3c6ead2d71a453120c1228aa5f170ba4390f3330a1d54f8b7927c82d,11398
0,pages_dev,pages.dev,Amazon,amazon.com,https://amazon.com/signin,same_origin,False,0,pages_dev_amazon_0394.html,54ed9988a2801a7a096563e86207d3d9fe4ebbc23744c65791a629ea2a5890bb,547596
0,netlify_app,netlify.app,LinkedIn,linkedin.com,https://linkedin.com/auth,same_origin,False,0,netlify_app_linkedin_0395.html,2a859657e0a10cc5ad5850a0d53e3f7a565644af79528b623a1e9154711ff7a9,11397
0,netlify_app,netlify.app,Facebook,facebook.com,https://facebook.com/login,same_origin,False,0,netlify_app_facebook_0396.html,4bb5a4a5713be0b3fd9cb4669c2b2c9c4db376c53200ea3fa4e4e8975b9e043e,12103
0,vercel_app,vercel.app,Twitter,twitter.com,https://twitter.com,same_origin,False,0,vercel_app_twitter_0397.html,b94d0a2c6bbb0d87d2eaf0e08d7b0f50042366db898a600dcfd69000fa87e9e9,10943
0,firebase_app,firebaseapp.com,LinkedIn,linkedin.com,https://linkedin.com/session,same_origin,False,0,firebase_app_linkedin_0398.html,b6dcce141d42129e549537be5487676053f16235a50ed9de5c2c3aea4ffbe111,11400
0,netlify_app,netlify.app,Facebook,facebook.com,https://facebook.com/login,same_origin,False,0,netlify_app_facebook_0399.html,c6befcb81bc9010dedd418242df747bf2af5542f532e5ba2e5fb6339823eec7a,12103
0,github_io,github.io,LinkedIn,linkedin.com,https://linkedin.com/signin,same_origin,False,0,github_io_linkedin_0400.html,7918e5b4f52ef6b4326180805a52d1fc575be5d685c24542b4fbeedfe92e86d0,11399
0,github_io,github.io,Twitter,twitter.com,https://twitter.com/login,same_origin,False,0,github_io_twitter_0401.html,511d561ab7279bf3d26b0c162ddd50e46c4ce9a171e47d6240b5e7ba39ad24dc,10949
0,pages_dev,pages.dev,Twitter,twitter.com,https://twitter.com/auth,same_origin,False,0,pages_dev_twitter_0402.html,ff9abd73b95aa7001847f643a7d61065f3f9498e81528b20773ce466c1b5ce42,10948
0,github_io,github.io,Facebook,facebook.com,https://facebook.com/login,same_origin,False,0,github_io_facebook_0403.html,e66c1968c8cb6abbcc9428a86d150d2edec42747fc25279b0981a058eb509f32,12103
0,firebase_app,firebaseapp.com,Facebook,facebook.com,https://facebook.com/signin,same_origin,False,0,firebase_app_facebook_0404.html,7d2ec67db7f7ca6447f007207836d8443e66d2d0df8c5bc47d69c859d0ec1fe9,12104
0,firebase_app,firebaseapp.com,Twitter,twitter.com,https://twitter.com/session,same_origin,False,0,firebase_app_twitter_0405.html,6f09727837419790c3edee0929581395f320eb4c90a76cd99b63c4e021c9c540,10951
0,pages_dev,pages.dev,Amazon,amazon.com,https://amazon.com/signin,same_origin,False,0,pages_dev_amazon_0406.html,1ba750ab64357c381b3e1cb5454f55a6158550f14e3a005d34da2d7680a1b774,547596
0,github_io,github.io,Facebook,facebook.com,https://facebook.com/login,same_origin,False,0,github_io_facebook_0407.html,c8e812d3dcbb062a9106afebaa61cb30a5036c546854faaefb13f3940eee80b7,12103
0,pages_dev,pages.dev,LinkedIn,linkedin.com,https://linkedin.com/session,same_origin,False,0,pages_dev_linkedin_0408.html,ff609124807b23247b1f6b136eb33d07420afab16d53a35f3e630d651497c4c7,11400
0,firebase_app,firebaseapp.com,LinkedIn,linkedin.com,https://linkedin.com/signin,same_origin,False,0,firebase_app_linkedin_0409.html,1300d315d153abe121ed99cbce2d230077a91afdb1cdeb43806a720d3621bde8,11399
0,vercel_app,vercel.app,Twitter,twitter.com,https://twitter.com,same_origin,False,0,vercel_app_twitter_0410.html,1e66e3418804eafe47199927cc5b9e0b92f732dae25b048ddc7655fcecb1fb69,10943
0,vercel_app,vercel.app,Amazon,amazon.com,https://amazon.com/login,same_origin,False,0,vercel_app_amazon_0411.html,555fd3fa693d15c9bee321c54e0521367eb13e79344f99d2b59a499b100aab16,547595
0,vercel_app,vercel.app,Amazon,amazon.com,https://amazon.com/session,same_origin,False,0,vercel_app_amazon_0412.html,7597d7c62ab95ce6fb267240a3c9e5013a7803ef1bef3b85d7881c6f35857876,547597
0,firebase_app,firebaseapp.com,Facebook,facebook.com,https://facebook.com/auth,same_origin,False,0,firebase_app_facebook_0413.html,cd5f1b81f9155c816e31b4f5ba0e37b4292f74ef9f51bd8433a13c59a58349a2,12102
0,pages_dev,pages.dev,Facebook,facebook.com,https://facebook.com/login,same_origin,False,0,pages_dev_facebook_0414.html,37bf1042bd87fd60f622da05d8e9fc86dbad0b3a6f11c181a8c03a062305793c,12103
0,vercel_app,vercel.app,Amazon,amazon.com,https://amazon.com/login,same_origin,False,0,vercel_app_amazon_0415.html,3aefbc20f469b1589c89d48aa2a5ba90951bf4c12c233b8563adbdd55bfa2b50,547595
0,netlify_app,netlify.app,Twitter,twitter.com,https://twitter.com/signin,same_origin,False,0,netlify_app_twitter_0416.html,e65c70e55b87d59c5ae1dd4e98b163c5351e1dc4304ee75bfc391a60540a44ed,10950
0,firebase_app,firebaseapp.com,Amazon,amazon.com,https://amazon.com/session,same_origin,False,0,firebase_app_amazon_0417.html,55b95e7c5f410ac2308b0992542179e7c417c6fb74f051e47ebf3ec9b0f620d0,547597
0,netlify_app,netlify.app,Twitter,twitter.com,https://twitter.com,same_origin,False,0,netlify_app_twitter_0418.html,3b97430067cef266dbf574240a8b373089412b4aa07bd0f139d4c5250a9afab5,10943
0,firebase_app,firebaseapp.com,LinkedIn,linkedin.com,https://linkedin.com/signin,same_origin,False,0,firebase_app_linkedin_0419.html,91a7abdfeb03bacb50923b272b956424bcd389bbcec40bbcec6350931f5f666d,11399
0,pages_dev,pages.dev,Twitter,twitter.com,https://twitter.com/session,same_origin,False,0,pages_dev_twitter_0420.html,b6aa81883767b5a1a246f392f9827a5d2ecdb5cfd2a58453e0c8bf09e23f110b,10951
0,firebase_app,firebaseapp.com,Twitter,twitter.com,https://twitter.com/auth,same_origin,False,0,firebase_app_twitter_0421.html,214e9bbb0332bffe6336edba1c9f14bf016ce25a2fe58d953f7d3ff102a14645,10948
0,github_io,github.io,Amazon,amazon.com,https://amazon.com/login,same_origin,False,0,github_io_amazon_0422.html,4f0377eac7315c3cbb73d72b2132ee903f7234c6406d00211569e08bc2dfef3c,547595
0,netlify_app,netlify.app,LinkedIn,linkedin.com,https://linkedin.com,same_origin,False,0,netlify_app_linkedin_0423.html,39f9c0d07fdbe348f4979864f25d0c3c392ca2135408480c438decdc8ba42942,11392
0,pages_dev,pages.dev,Twitter,twitter.com,https://twitter.com/login,same_origin,False,0,pages_dev_twitter_0424.html,e60e7b6a3f794143af6b993b6590656c4ea0d3aafac4173f7f06dcf5f8841ba4,10949
0,vercel_app,vercel.app,LinkedIn,linkedin.com,https://linkedin.com/signin,same_origin,False,0,vercel_app_linkedin_0425.html,ad3c70e7530f48861a39599bbc2debbe2bfb3fbdd077ee1fdb458f0396d40262,11399
0,firebase_app,firebaseapp.com,Amazon,amazon.com,https://amazon.com/login,same_origin,False,0,firebase_app_amazon_0426.html,991e10ddd557a2d992f03992f5efa76fcf2dc5875badd0649e4428cbfbca9e92,547595
0,github_io,github.io,Facebook,facebook.com,https://facebook.com/auth,same_origin,False,0,github_io_facebook_0427.html,e2236bdf73b10918ed19a7c0e43e597f3108356e8104225fbe9525f92adbf0c0,12102
0,github_io,github.io,LinkedIn,linkedin.com,https://linkedin.com/auth,same_origin,False,0,github_io_linkedin_0428.html,d0f39a4a4e1cac47e966114f7706ebdc81fed33567127dc99c8d1629e4795b28,11397
0,vercel_app,vercel.app,Twitter,twitter.com,https://twitter.com/session,same_origin,False,0,vercel_app_twitter_0429.html,32f58568fbf0aa87b047e5783f3bfe599baf0866c94e96e7c6a8c954e1079785,10951
0,github_io,github.io,Facebook,facebook.com,https://facebook.com/auth,same_origin,False,0,github_io_facebook_0430.html,a254abd7a4784e6ff68c6ac03587ad89c5800e2ea570d9db89508ffff8fbab69,12102
0,vercel_app,vercel.app,Twitter,twitter.com,https://twitter.com/signin,same_origin,False,0,vercel_app_twitter_0431.html,ed1adbb680fbedbc3ce54f714985ede99848d8681c28b4ee8b13930306f4b666,10950
0,netlify_app,netlify.app,Facebook,facebook.com,https://facebook.com/auth,same_origin,False,0,netlify_app_facebook_0432.html,65459ab8217d8bd15d7d4f884b01ba6329682686266315cd57f508cd79529298,12102
0,github_io,github.io,LinkedIn,linkedin.com,https://linkedin.com/signin,same_origin,False,0,github_io_linkedin_0433.html,c84c5148587afca415abd12537d396ebde9fe9839e3f937f2837e9ae835027c0,11399
0,vercel_app,vercel.app,Facebook,facebook.com,https://facebook.com/signin,same_origin,False,0,vercel_app_facebook_0434.html,a904465ffb85b1a4b2f441c897099f2ebed4f9797ed90c0df0973cfcd46ae63e,12104
0,vercel_app,vercel.app,Facebook,facebook.com,https://facebook.com/session,same_origin,False,0,vercel_app_facebook_0435.html,695cf71cd494ebc4140ef10a250ec52fbd70c7ad39922d924431153a8e8f674e,12105
0,github_io,github.io,LinkedIn,linkedin.com,https://linkedin.com/session,same_origin,False,0,github_io_linkedin_0436.html,a20c7332dfcdf5306a940fe7d8a43ced6fc0335cceb8125abb1e9ff3dd69fe52,11400
0,netlify_app,netlify.app,LinkedIn,linkedin.com,https://linkedin.com/auth,same_origin,False,0,netlify_app_linkedin_0437.html,8d812dc01c43507dc94e818fae044784d028cb626c3ee51da2ce12614c0e5867,11397
0,pages_dev,pages.dev,Amazon,amazon.com,https://amazon.com/session,same_origin,False,0,pages_dev_amazon_0438.html,54609bc40063aaace12149c7b79ced2105c73dd45cefde3cbdbce2f7037e8bbb,547597
0,vercel_app,vercel.app,Facebook,facebook.com,https://facebook.com/signin,same_origin,False,0,vercel_app_facebook_0439.html,b3d8a7ea37fb9726a8bf1dc4ae20da06726f3a63609977b9e42ea9fdeccd9173,12104
0,github_io,github.io,LinkedIn,linkedin.com,https://linkedin.com/session,same_origin,False,0,github_io_linkedin_0440.html,8ef0d6ac5a4840c3799ba8cb49a26760310e708713f152891b59929ad01ff72d,11400
0,vercel_app,vercel.app,Facebook,facebook.com,https://facebook.com/login,same_origin,False,0,vercel_app_facebook_0441.html,6b10b62afee9b3be33d81f5a532421aa179184bb42180a8cd417b6d5f2e4cb87,12103
0,github_io,github.io,Twitter,twitter.com,https://twitter.com/auth,same_origin,False,0,github_io_twitter_0442.html,64c16309f3f6c368c184df3f168de061dda4d1c6ef7b82e8c5d04d7879800ad5,10948
0,github_io,github.io,LinkedIn,linkedin.com,https://linkedin.com,same_origin,False,0,github_io_linkedin_0443.html,c823486f3a2b255c136a2adbac539b7faa0cddc619e0ff05e9eeec1ea41b6808,11392
0,github_io,github.io,LinkedIn,linkedin.com,https://linkedin.com/auth,same_origin,False,0,github_io_linkedin_0444.html,d33f6c496782f5ea8919c80be20113b712b3bc70aa2d870a8c286ad74d923adf,11397
0,github_io,github.io,Twitter,twitter.com,https://twitter.com/signin,same_origin,False,0,github_io_twitter_0445.html,67b70e69f386f2ce5f113f8d69882ab5d2ce05b331fdcd86ecf4d1e4c7a0e1ad,10950
0,netlify_app,netlify.app,Facebook,facebook.com,https://facebook.com/session,same_origin,False,0,netlify_app_facebook_0446.html,20bf112674c8971e2151a007762e36cf3d75ead843e850bce2f9a42799f01bca,12105
0,github_io,github.io,Amazon,amazon.com,https://amazon.com/auth,same_origin,False,0,github_io_amazon_0447.html,99d590ca7e2455aa7860f1d6598dd1a50be0dff5898e560b6a740c2d4dcd03fd,547594
0,firebase_app,firebaseapp.com,LinkedIn,linkedin.com,https://linkedin.com/signin,same_origin,False,0,firebase_app_linkedin_0448.html,85c47d6e6b77cb610a70ace612b2d7a9fb72526af0e8e468bc39cf8fb4da0f73,11399
0,github_io,github.io,Amazon,amazon.com,https://amazon.com/login,same_origin,False,0,github_io_amazon_0449.html,ba36bbe55ff9749e39ddfe40adeb35fc249a618dc3f29ba9233fc58fc9c18502,547595
0,netlify_app,netlify.app,Twitter,twitter.com,https://twitter.com/signin,same_origin,False,0,netlify_app_twitter_0450.html,8d4ec31aec060da431768aba5d61464a9858968b8f44847d09c4eb94520740d3,10950
0,vercel_app,vercel.app,Amazon,amazon.com,https://amazon.com/signin,same_origin,False,0,vercel_app_amazon_0451.html,4c3008f3feef3c2cc8f3670f777f3d74aca5f5ea21fb4afec728987a7fb58779,547596
0,netlify_app,netlify.app,Amazon,amazon.com,https://amazon.com,same_origin,False,0,netlify_app_amazon_0452.html,8841a8815c703b279dd75442fc47333ce9c2863ce7eb422b72fd7b6d08ca34ab,547589
0,vercel_app,vercel.app,LinkedIn,linkedin.com,https://linkedin.com/session,same_origin,False,0,vercel_app_linkedin_0453.html,68422a46421d3dcb571796b8d99736b38bc3408ddc7973f6909f498fdb6751ba,11400
0,firebase_app,firebaseapp.com,Facebook,facebook.com,https://facebook.com,same_origin,False,0,firebase_app_facebook_0454.html,788d707b5f228df3d2f3e9106d7efcb7a866e0c44be36fcb9eb51f7bcd840544,12097
0,firebase_app,firebaseapp.com,Twitter,twitter.com,https://twitter.com,same_origin,False,0,firebase_app_twitter_0455.html,611df235ecebe534bc19df385ac23cd81c0f3d0a34d74594d3bd6bb7e9f28739,10943
0,pages_dev,pages.dev,Facebook,facebook.com,https://facebook.com,same_origin,False,0,pages_dev_facebook_0456.html,5e5be8682dcbf5f72a354bdf11550bfe4580507f5451ba366a9666a216d8a02f,12097
0,vercel_app,vercel.app,Amazon,amazon.com,https://amazon.com/auth,same_origin,False,0,vercel_app_amazon_0457.html,aa9cdc099c496733a81fee5ba2e7178a8f5fcfbf5b2abf354a3ebc6208a7b588,547594
0,github_io,github.io,Amazon,amazon.com,https://amazon.com/login,same_origin,False,0,github_io_amazon_0458.html,c68e3852c0f7b34bcc5f529d84dc7cd36b9b63b9f63f0e2c2ea9d8a702fcd397,547595
0,vercel_app,vercel.app,Facebook,facebook.com,https://facebook.com,same_origin,False,0,vercel_app_facebook_0459.html,1c8c6a404cf6fe95ee47daa128f89b282de087330925e80b92bf26ef6046fee5,12097
0,vercel_app,vercel.app,Twitter,twitter.com,https://twitter.com,same_origin,False,0,vercel_app_twitter_0460.html,e4a2136748dd854f7d6364e4eb1425ed4d1f3ed499d8cd0cdf12f5acb7721d9e,10943
0,github_io,github.io,Twitter,twitter.com,https://twitter.com,same_origin,False,0,github_io_twitter_0461.html,3d5b06ce753102c161a341b842d9553628b6822f2fb3b158b5bf6372572163f2,10943
0,firebase_app,firebaseapp.com,Amazon,amazon.com,https://amazon.com,same_origin,False,0,firebase_app_amazon_0462.html,1f7a24eee09a7e0552902a615fcf4073e3b1f99d2fcbe5aa392ae36e8edd0019,547589
0,firebase_app,firebaseapp.com,Amazon,amazon.com,https://amazon.com/login,same_origin,False,0,firebase_app_amazon_0463.html,74d27a748e2458bb011dcd224e087aff0e5b5e01959ad49b72048e96f0b0d4b2,547595
0,pages_dev,pages.dev,LinkedIn,linkedin.com,https://linkedin.com/session,same_origin,False,0,pages_dev_linkedin_0464.html,36fc421ccf36574c97167adf591f3cba0c1ac72962893661c80009325511fd64,11400
0,vercel_app,vercel.app,Twitter,twitter.com,https://twitter.com/session,same_origin,False,0,vercel_app_twitter_0465.html,d46ef8863528828ab17c0d115833f4830145b3fbde7c3fcb815b8928bc267f50,10951
0,netlify_app,netlify.app,Amazon,amazon.com,https://amazon.com,same_origin,False,0,netlify_app_amazon_0466.html,cf541eee77ff3dac6de2edcafa7b37589ae951463fbee8c4e2e940e2bf89d624,547589
0,github_io,github.io,Twitter,twitter.com,https://twitter.com/session,same_origin,False,0,github_io_twitter_0467.html,3738e2028b9fb24e4b2c62e7acd3c69e154702b5dd8abb67edca3bf03cc5d5a1,10951
0,firebase_app,firebaseapp.com,Twitter,twitter.com,https://twitter.com/session,same_origin,False,0,firebase_app_twitter_0468.html,c357d2dd0f215e7f27499e1dc6ab2a00cf671ddd060abc7b584a38315e1d1123,10951
0,vercel_app,vercel.app,LinkedIn,linkedin.com,https://linkedin.com/auth,same_origin,False,0,vercel_app_linkedin_0469.html,c4b06cc9b3bab6d568a2d679e3c9373997bb60ee2105560c3066cc08b3033927,11397
0,github_io,github.io,Twitter,twitter.com,https://twitter.com/signin,same_origin,False,0,github_io_twitter_0470.html,d50485fea2a539564f2e05216b98205c3949d7331cf637e17cc45a74bd433ecb,10950
0,vercel_app,vercel.app,Amazon,amazon.com,https://amazon.com/signin,same_origin,False,0,vercel_app_amazon_0471.html,51c21ffb1cddcaf51f4545943376f3ebb5ebacf23e8803ecedb69682ca0ab719,547596
0,vercel_app,vercel.app,Facebook,facebook.com,https://facebook.com/session,same_origin,False,0,vercel_app_facebook_0472.html,a321b4a28ba1b0f7707539c1607ae3c6102594a36b1053935cc852f3318c816f,12105
0,github_io,github.io,LinkedIn,linkedin.com,https://linkedin.com/auth,same_origin,False,0,github_io_linkedin_0473.html,0c430db6fd82023134eea595725b98a7505797ff829bceca7923120bf8910378,11397
0,github_io,github.io,LinkedIn,linkedin.com,https://linkedin.com/auth,same_origin,False,0,github_io_linkedin_0474.html,5bd0c518dd5d08c0f6c2be76e1d3c8bf7a919a9ef03dd270a3434887a27cad18,11397
0,vercel_app,vercel.app,Amazon,amazon.com,https://amazon.com,same_origin,False,0,vercel_app_amazon_0475.html,1f66cf8314996650d9916529b52410d006bf657c9588c011ca7a05882351ed57,547589
0,pages_dev,pages.dev,LinkedIn,linkedin.com,https://linkedin.com/auth,same_origin,False,0,pages_dev_linkedin_0476.html,3f897c970978d721bb3ceec4b330851a1ee3be326e2fd25849718bea2f09ca5b,11397
0,github_io,github.io,Amazon,amazon.com,https://amazon.com/login,same_origin,False,0,github_io_amazon_0477.html,0328acaf5c495a3c410495e910cde4c599a9d5b49fd2391e02c2d75e6000f7a0,547595
0,firebase_app,firebaseapp.com,Amazon,amazon.com,https://amazon.com/signin,same_origin,False,0,firebase_app_amazon_0478.html,a06f8184f64df06e8142b1130d2e59664cc05576437ac6d4586fae7365b618e1,547596
0,pages_dev,pages.dev,LinkedIn,linkedin.com,https://linkedin.com/auth,same_origin,False,0,pages_dev_linkedin_0479.html,50ef686da0ea6d31a9a0ed8793e732b8fbb5e96d30162dae6a83b6a7dff8be27,11397
0,pages_dev,pages.dev,Amazon,amazon.com,https://amazon.com/signin,same_origin,False,0,pages_dev_amazon_0480.html,84b176ff3928a6f658c3739d1290a4d856229cf31601b0d28b96d1857f52320d,547596
0,github_io,github.io,LinkedIn,linkedin.com,https://linkedin.com,same_origin,False,0,github_io_linkedin_0481.html,30509367ac5b711a4c738d2bcbdb7a91e368c366c5cf1fdd291752ef5a139631,11392
0,vercel_app,vercel.app,Twitter,twitter.com,https://twitter.com,same_origin,False,0,vercel_app_twitter_0482.html,5ab18458e41444ce6da95acb8ea658130e22179a9eb576c1dac9d907758ccb79,10943
0,firebase_app,firebaseapp.com,Amazon,amazon.com,https://amazon.com/session,same_origin,False,0,firebase_app_amazon_0483.html,e0c795a20d228fbba0235ff87c7918c404f1fac960ac5f6827efb78bca92e98a,547597
0,netlify_app,netlify.app,Facebook,facebook.com,https://facebook.com/signin,same_origin,False,0,netlify_app_facebook_0484.html,857f7f7fd9af2632a8664a4f21fd8424d0fc890c1ff632c19a3cafffacd32454,12104
0,netlify_app,netlify.app,LinkedIn,linkedin.com,https://linkedin.com/login,same_origin,False,0,netlify_app_linkedin_0485.html,c5b8ef38f13a8b57b71900493050a2d8a8a634327e1c1579fea99525c9169c9d,11398
0,vercel_app,vercel.app,LinkedIn,linkedin.com,https://linkedin.com/signin,same_origin,False,0,vercel_app_linkedin_0486.html,540505a6c63312298e7ba34949048166e0f035c87f6ecafac89473d3e8bd2618,11399
0,vercel_app,vercel.app,Amazon,amazon.com,https://amazon.com/session,same_origin,False,0,vercel_app_amazon_0487.html,80d9c39fb90fd7e5dad88546b7d07bde6357b67414952159ab89d03cb4bfb80c,547597
0,firebase_app,firebaseapp.com,Amazon,amazon.com,https://amazon.com/login,same_origin,False,0,firebase_app_amazon_0488.html,19e8885e1539e153425d592d60c2075d52cf421cb832f679b1f98c8c4fe32fef,547595
0,github_io,github.io,Facebook,facebook.com,https://facebook.com/login,same_origin,False,0,github_io_facebook_0489.html,1aa6ff3d91189160f44148676c785480a00b482a592d932ad1d43c3391c24455,12103
0,firebase_app,firebaseapp.com,Twitter,twitter.com,https://twitter.com/auth,same_origin,False,0,firebase_app_twitter_0490.html,e32057fda63ee888391388e2743ae52c420ac281c1973fc213448bde66240fe5,10948
0,github_io,github.io,LinkedIn,linkedin.com,https://linkedin.com/signin,same_origin,False,0,github_io_linkedin_0491.html,97217861bd5a54ad27cf80d19fb565eb4108a4c1a14dba02345860f50342b427,11399
0,github_io,github.io,Twitter,twitter.com,https://twitter.com/auth,same_origin,False,0,github_io_twitter_0492.html,778a448dcd95b4a0dbfae1c6f699203264db670ffaa18e860ace72ec437b057f,10948
0,vercel_app,vercel.app,Amazon,amazon.com,https://amazon.com/auth,same_origin,False,0,vercel_app_amazon_0493.html,5e11f51251f5cd0e22637307c2a10a591f2b46497992e7455a4e7a7d1e8947ea,547594
0,firebase_app,firebaseapp.com,Twitter,twitter.com,https://twitter.com/login,same_origin,False,0,firebase_app_twitter_0494.html,b9c9f93b740478389aa6ae10cb21342c8cf7fee4c6629b42a8d9cae25a54d62d,10949
0,firebase_app,firebaseapp.com,LinkedIn,linkedin.com,https://linkedin.com/auth,same_origin,False,0,firebase_app_linkedin_0495.html,3698d9501dde32c32bd6249349194869f60ae7c6e0c0b384d928827a8e3ce2d5,11397
0,github_io,github.io,Facebook,facebook.com,https://facebook.com/auth,same_origin,False,0,github_io_facebook_0496.html,3362c72eb25fb90b6568d8bb092a5c9de466d0ba0944ffa64b29598b4bcca67f,12102
0,github_io,github.io,LinkedIn,linkedin.com,https://linkedin.com/session,same_origin,False,0,github_io_linkedin_0497.html,5463f4adaeb6b7bffc5b63adc721b54c9c1e213b6ae68825ee37e3e30b64fefc,11400
0,firebase_app,firebaseapp.com,Facebook,facebook.com,https://facebook.com,same_origin,False,0,firebase_app_facebook_0498.html,7ff408259930494d451e440e94e2f3879c1bfc9a73e1030521ad5c282c9c113f,12097
0,github_io,github.io,Twitter,twitter.com,https://twitter.com/session,same_origin,False,0,github_io_twitter_0499.html,3283a0c7b274ac2c8616ec23032c9531ef324634ef6f5b135c3df611fc62f652,10951
